,0,1,2,3,4
1,Precinct,Register Voters,Ballots Cast,Turnout %,ward
2,1,808,248,30.69%,1
3,2,809,187,23.11%,1
4,3,831,270,32.49%,1
5,4,904,261,28.87%,1
6,5,809,248,30.66%,1
7,6,846,225,26.60%,1
8,7,536,168,31.34%,1
9,8,771,245,31.78%,1
10,9,619,244,39.42%,1
11,10,937,242,25.83%,1
12,11,837,248,29.63%,1
13,12,958,291,30.38%,1
14,13,393,124,31.55%,1
15,14,734,253,34.47%,1
16,15,749,248,33.11%,1
17,16,799,257,32.17%,1
18,17,714,231,32.35%,1
19,18,888,277,31.19%,1
20,19,859,295,34.34%,1
21,20,634,207,32.65%,1
22,21,935,263,28.13%,1
23,22,569,175,30.76%,1
24,23,966,362,37.47%,1
25,24,883,227,25.71%,1
26,25,824,210,25.49%,1
27,26,697,157,22.53%,1
28,27,827,249,30.11%,1
29,28,297,111,37.37%,1
30,29,806,264,32.75%,1
31,30,939,299,31.84%,1
32,31,840,271,32.26%,1
33,32,779,232,29.78%,1
34,33,934,282,30.19%,1
35,34,656,220,33.54%,1
36,35,975,289,29.64%,1
37,36,804,229,28.48%,1
38,37,818,238,29.10%,1
39,38,755,256,33.91%,1
40,39,743,227,30.55%,1
41,40,818,278,33.99%,1
42,41,444,176,39.64%,1
43,42,238,69,28.99%,1
44,43,545,156,28.62%,1
45,44,632,228,36.08%,1
50,1,922,237,25.70%,2
51,2,601,221,36.77%,2
52,3,894,284,31.77%,2
53,4,745,196,26.31%,2
54,5,889,271,30.48%,2
55,6,817,196,23.99%,2
56,7,1400,223,15.93%,2
57,8,985,251,25.48%,2
58,9,693,159,22.94%,2
59,10,671,224,33.38%,2
60,11,787,275,34.94%,2
61,12,764,263,34.42%,2
62,13,695,227,32.66%,2
63,14,814,293,36.00%,2
64,15,832,238,28.61%,2
65,16,794,222,27.96%,2
66,17,885,315,35.59%,2
67,18,726,218,30.03%,2
68,19,560,188,33.57%,2
69,20,980,189,19.29%,2
70,21,841,265,31.51%,2
71,22,824,232,28.16%,2
72,23,517,189,36.56%,2
73,24,694,243,35.01%,2
74,25,828,237,28.62%,2
75,26,792,182,22.98%,2
76,27,690,212,30.72%,2
77,28,846,232,27.42%,2
78,29,871,232,26.64%,2
79,30,677,192,28.36%,2
80,31,941,308,32.73%,2
81,32,659,173,26.25%,2
82,33,1053,391,37.13%,2
83,34,604,264,43.71%,2
84,35,1004,214,21.31%,2
85,36,641,210,32.76%,2
86,37,647,234,36.17%,2
87,38,695,212,30.50%,2
88,39,616,154,25.00%,2
89,40,952,244,25.63%,2
90,41,900,147,16.33%,2
91,42,765,200,26.14%,2
92,43,956,237,24.79%,2
93,44,432,147,34.03%,2
94,45,786,248,31.55%,2
95,46,494,127,25.71%,2
100,14,841,249,29.61%,3
101,15,811,259,31.94%,3
102,16,807,241,29.86%,3
103,17,947,281,29.67%,3
104,18,1274,362,28.41%,3
105,19,857,278,32.44%,3
106,20,830,299,36.02%,3
107,21,832,360,43.27%,3
108,22,981,290,29.56%,3
109,23,847,239,28.22%,3
110,24,783,269,34.36%,3
111,25,1239,407,32.85%,3
112,26,839,383,45.65%,3
113,27,974,294,30.18%,3
114,28,558,214,38.35%,3
115,29,1055,280,26.54%,3
116,30,734,271,36.92%,3
117,31,880,323,36.70%,3
118,32,863,301,34.88%,3
119,33,905,250,27.62%,3
120,34,967,339,35.06%,3
121,35,759,106,13.97%,3
122,36,623,149,23.92%,3
123,37,726,224,30.85%,3
124,38,625,318,50.88%,3
125,39,1117,344,30.80%,3
126,40,871,307,35.25%,3
127,41,792,289,36.49%,3
128,1,1137,385,33.86%,3
129,2,747,441,59.04%,3
130,3,814,290,35.63%,3
131,4,830,314,37.83%,3
132,5,657,151,22.98%,3
133,6,909,289,31.79%,3
134,7,520,271,52.12%,3
135,8,767,219,28.55%,3
136,9,780,283,36.28%,3
137,10,563,139,24.69%,3
138,11,782,271,34.65%,3
139,12,678,352,51.92%,3
140,13,825,332,40.24%,3
145,1,915,409,44.70%,4
146,2,915,320,34.97%,4
147,3,758,270,35.62%,4
148,4,1014,404,39.84%,4
149,5,701,327,46.65%,4
150,6,845,412,48.76%,4
151,7,918,449,48.91%,4
152,8,804,375,46.64%,4
153,9,780,447,57.31%,4
154,10,891,380,42.65%,4
155,11,856,280,32.71%,4
156,12,884,322,36.43%,4
157,13,768,203,26.43%,4
158,14,804,338,42.04%,4
159,15,876,386,44.06%,4
160,16,1091,350,32.08%,4
161,17,832,340,40.87%,4
162,18,782,339,43.35%,4
163,19,856,213,24.88%,4
164,20,722,299,41.41%,4
165,21,801,286,35.71%,4
166,22,757,332,43.86%,4
167,23,860,446,51.86%,4
168,24,758,297,39.18%,4
169,25,789,291,36.88%,4
170,26,739,304,41.14%,4
171,27,884,387,43.78%,4
172,28,602,260,43.19%,4
173,29,796,265,33.29%,4
174,30,1159,369,31.84%,4
175,31,658,413,62.77%,4
176,32,863,324,37.54%,4
177,33,809,326,40.30%,4
178,34,730,304,41.64%,4
179,35,950,372,39.16%,4
180,36,833,358,42.98%,4
181,37,1285,391,30.43%,4
182,38,745,365,48.99%,4
187,1,762,228,29.92%,5
188,2,713,176,24.68%,5
189,3,716,311,43.44%,5
190,4,785,355,45.22%,5
191,5,723,281,38.87%,5
192,6,696,245,35.20%,5
193,7,591,299,50.59%,5
194,8,675,343,50.81%,5
195,9,736,365,49.59%,5
196,10,756,215,28.44%,5
197,11,681,358,52.57%,5
198,12,693,194,27.99%,5
199,13,749,222,29.64%,5
200,14,578,287,49.65%,5
201,15,655,262,40.00%,5
202,16,801,244,30.46%,5
203,17,777,248,31.92%,5
204,18,597,289,48.41%,5
205,19,650,342,52.62%,5
206,20,691,366,52.97%,5
207,21,644,303,47.05%,5
208,22,684,395,57.75%,5
209,23,1137,517,45.47%,5
210,24,729,334,45.82%,5
211,25,722,305,42.24%,5
212,26,793,302,38.08%,5
213,27,955,275,28.80%,5
214,28,790,343,43.42%,5
215,29,803,306,38.11%,5
216,30,707,195,27.58%,5
217,31,678,224,33.04%,5
218,32,727,370,50.89%,5
219,33,765,329,43.01%,5
220,34,734,342,46.59%,5
221,35,697,344,49.35%,5
222,36,621,164,26.41%,5
223,37,701,369,52.64%,5
224,38,776,273,35.18%,5
225,39,571,276,48.34%,5
226,40,614,224,36.48%,5
227,41,332,214,64.46%,5
232,1,665,298,44.81%,6
233,2,659,254,38.54%,6
234,3,649,299,46.07%,6
235,4,611,168,27.50%,6
236,5,656,132,20.12%,6
237,6,648,265,40.90%,6
238,7,702,235,33.48%,6
239,8,643,239,37.17%,6
240,9,768,185,24.09%,6
241,10,610,135,22.13%,6
242,11,694,197,28.39%,6
243,12,747,147,19.68%,6
244,13,557,180,32.32%,6
245,14,707,242,34.23%,6
246,15,837,167,19.95%,6
247,16,669,291,43.50%,6
248,17,692,149,21.53%,6
249,18,653,144,22.05%,6
250,19,710,203,28.59%,6
251,20,596,125,20.97%,6
252,21,578,120,20.76%,6
253,22,605,136,22.48%,6
254,23,578,103,17.82%,6
255,24,567,126,22.22%,6
256,25,502,120,23.90%,6
257,26,722,155,21.47%,6
258,27,630,112,17.78%,6
259,28,587,110,18.74%,6
260,29,647,302,46.68%,6
261,30,706,174,24.65%,6
262,31,661,302,45.69%,6
263,32,647,240,37.09%,6
264,33,638,245,38.40%,6
265,34,665,254,38.20%,6
266,35,607,232,38.22%,6
267,36,650,317,48.77%,6
268,37,621,300,48.31%,6
269,38,680,281,41.32%,6
270,39,679,195,28.72%,6
271,40,631,215,34.07%,6
272,41,658,246,37.39%,6
273,42,708,207,29.24%,6
274,43,656,218,33.23%,6
275,44,703,210,29.87%,6
276,45,699,254,36.34%,6
277,46,520,157,30.19%,6
278,47,574,181,31.53%,6
279,48,709,234,33.00%,6
284,1,679,207,30.49%,7
285,2,801,195,24.34%,7
286,3,621,284,45.73%,7
287,4,633,249,39.34%,7
288,5,619,197,31.83%,7
289,6,732,289,39.48%,7
290,7,796,198,24.87%,7
291,8,608,191,31.41%,7
292,9,994,407,40.95%,7
293,10,675,252,37.33%,7
294,11,787,193,24.52%,7
295,12,729,201,27.57%,7
296,13,448,171,38.17%,7
297,14,799,231,28.91%,7
298,15,645,237,36.74%,7
299,16,704,176,25.00%,7
300,17,639,170,26.60%,7
301,18,719,192,26.70%,7
302,19,656,238,36.28%,7
303,20,652,156,23.93%,7
304,21,668,182,27.25%,7
305,22,705,189,26.81%,7
306,23,581,274,47.16%,7
307,24,632,188,29.75%,7
308,25,761,143,18.79%,7
309,26,533,193,36.21%,7
310,27,616,200,32.47%,7
311,28,589,146,24.79%,7
312,29,624,183,29.33%,7
313,30,675,156,23.11%,7
314,31,537,124,23.09%,7
315,32,747,383,51.27%,7
316,33,740,365,49.32%,7
317,34,763,291,38.14%,7
318,35,765,231,30.20%,7
319,36,732,294,40.16%,7
320,37,653,252,38.59%,7
321,38,665,192,28.87%,7
322,39,612,213,34.80%,7
323,40,610,199,32.62%,7
324,41,708,208,29.38%,7
325,42,656,218,33.23%,7
326,43,683,221,32.36%,7
327,44,681,164,24.08%,7
328,45,800,181,22.63%,7
329,46,266,142,53.38%,7
334,1,634,202,31.86%,8
335,2,776,209,26.93%,8
336,3,646,320,49.54%,8
337,4,632,304,48.10%,8
338,5,652,310,47.55%,8
339,6,703,256,36.42%,8
340,7,728,315,43.27%,8
341,8,602,289,48.01%,8
342,9,448,183,40.85%,8
343,10,713,376,52.73%,8
344,11,591,228,38.58%,8
345,12,592,209,35.30%,8
346,13,820,255,31.10%,8
347,14,645,140,21.71%,8
348,15,680,218,32.06%,8
349,16,275,66,24.00%,8
350,17,523,235,44.93%,8
351,18,872,183,20.99%,8
352,19,700,306,43.71%,8
353,20,710,295,41.55%,8
354,21,913,309,33.84%,8
355,22,635,232,36.54%,8
356,23,689,197,28.59%,8
357,24,359,178,49.58%,8
358,25,711,223,31.36%,8
359,26,726,228,31.40%,8
360,27,672,285,42.41%,8
361,28,715,261,36.50%,8
362,29,778,307,39.46%,8
363,30,716,253,35.34%,8
364,31,567,197,34.74%,8
365,32,550,192,34.91%,8
366,33,668,258,38.62%,8
367,34,633,246,38.86%,8
368,35,654,275,42.05%,8
369,36,722,276,38.23%,8
370,37,481,237,49.27%,8
371,38,517,155,29.98%,8
372,39,652,244,37.42%,8
373,40,529,200,37.81%,8
374,41,725,249,34.34%,8
375,42,818,292,35.70%,8
376,43,382,120,31.41%,8
377,44,461,156,33.84%,8
378,45,749,194,25.90%,8
379,46,554,176,31.77%,8
380,47,588,204,34.69%,8
381,48,660,214,32.42%,8
382,49,652,234,35.89%,8
383,50,665,275,41.35%,8
384,51,638,285,44.67%,8
385,52,793,352,44.39%,8
386,53,384,144,37.50%,8
387,54,650,159,24.46%,8
388,55,496,226,45.56%,8
389,56,682,284,41.64%,8
394,1,701,234,33.38%,9
395,2,624,204,32.69%,9
396,3,771,146,18.94%,9
397,4,553,162,29.29%,9
398,5,651,240,36.87%,9
399,6,664,209,31.48%,9
400,7,650,169,26.00%,9
401,8,843,204,24.20%,9
402,9,694,270,38.90%,9
403,10,616,175,28.41%,9
404,11,604,172,28.48%,9
405,12,706,282,39.94%,9
406,13,691,277,40.09%,9
407,14,739,301,40.73%,9
408,15,1149,132,11.49%,9
409,16,629,202,32.11%,9
410,17,620,153,24.68%,9
411,18,595,156,26.22%,9
412,19,653,203,31.09%,9
413,20,694,259,37.32%,9
414,21,683,199,29.14%,9
415,22,682,256,37.54%,9
416,23,706,296,41.93%,9
417,24,626,240,38.34%,9
418,25,657,228,34.70%,9
419,26,964,166,17.22%,9
420,27,635,204,32.13%,9
421,28,663,126,19.00%,9
422,29,732,196,26.78%,9
423,30,623,169,27.13%,9
424,31,715,166,23.22%,9
425,32,699,234,33.48%,9
426,33,701,155,22.11%,9
427,34,700,166,23.71%,9
428,35,607,235,38.71%,9
429,36,656,195,29.73%,9
430,37,851,327,38.43%,9
431,38,689,205,29.75%,9
432,39,724,244,33.70%,9
433,40,740,282,38.11%,9
434,41,560,172,30.71%,9
435,42,650,249,38.31%,9
436,43,774,193,24.94%,9
437,44,583,211,36.19%,9
438,45,627,163,26.00%,9
439,46,709,232,32.72%,9
440,47,667,281,42.13%,9
441,48,695,251,36.12%,9
442,49,699,241,34.48%,9
443,50,784,356,45.41%,9
444,51,606,244,40.26%,9
449,1,622,194,31.19%,10
450,2,699,181,25.89%,10
451,3,792,157,19.82%,10
452,4,779,147,18.87%,10
453,5,682,124,18.18%,10
454,6,651,133,20.43%,10
455,7,635,105,16.54%,10
456,8,584,92,15.75%,10
457,9,705,137,19.43%,10
458,10,745,176,23.62%,10
459,11,980,176,17.96%,10
460,12,561,103,18.36%,10
461,13,881,160,18.16%,10
462,14,912,192,21.05%,10
463,15,1285,449,34.94%,10
464,16,669,118,17.64%,10
465,17,916,218,23.80%,10
466,18,577,102,17.68%,10
467,19,777,151,19.43%,10
468,20,758,169,22.30%,10
469,21,835,138,16.53%,10
470,22,554,96,17.33%,10
471,23,736,131,17.80%,10
472,24,703,152,21.62%,10
473,25,238,58,24.37%,10
474,26,770,117,15.19%,10
475,27,949,160,16.86%,10
476,28,864,169,19.56%,10
477,29,750,129,17.20%,10
478,30,802,143,17.83%,10
479,31,723,107,14.80%,10
480,32,778,144,18.51%,10
481,33,638,121,18.97%,10
482,34,703,94,13.37%,10
483,35,759,189,24.90%,10
484,36,210,54,25.71%,10
489,1,879,251,28.56%,11
490,2,1106,16,1.45%,11
491,3,643,214,33.28%,11
492,4,772,244,31.61%,11
493,5,1127,308,27.33%,11
494,6,1026,293,28.56%,11
495,7,605,197,32.56%,11
496,8,871,225,25.83%,11
497,9,845,197,23.31%,11
498,10,949,231,24.34%,11
499,11,880,243,27.61%,11
500,12,1040,360,34.62%,11
501,13,985,325,32.99%,11
502,14,591,167,28.26%,11
503,15,383,117,30.55%,11
504,16,687,190,27.66%,11
505,17,876,302,34.47%,11
506,18,772,215,27.85%,11
507,19,1008,302,29.96%,11
508,20,601,181,30.12%,11
509,21,877,393,44.81%,11
510,22,1019,290,28.46%,11
511,23,429,191,44.52%,11
512,24,752,384,51.06%,11
513,25,820,280,34.15%,11
514,26,824,340,41.26%,11
515,27,476,96,20.17%,11
516,28,465,100,21.51%,11
517,29,824,347,42.11%,11
518,30,610,120,19.67%,11
519,31,767,278,36.25%,11
520,32,357,148,41.46%,11
521,33,783,222,28.35%,11
522,34,308,122,39.61%,11
523,35,207,100,48.31%,11
524,36,447,102,22.82%,11
525,37,340,93,27.35%,11
526,38,413,121,29.30%,11
531,1,744,243,32.66%,12
532,2,749,189,25.23%,12
533,3,870,316,36.32%,12
534,4,753,252,33.47%,12
535,5,770,225,29.22%,12
536,6,922,202,21.91%,12
537,7,842,180,21.38%,12
538,8,865,246,28.44%,12
539,9,721,190,26.35%,12
540,10,927,224,24.16%,12
541,11,898,199,22.16%,12
542,12,945,198,20.95%,12
543,13,925,236,25.51%,12
544,14,856,183,21.38%,12
545,15,834,212,25.42%,12
546,16,880,161,18.30%,12
547,17,911,212,23.27%,12
548,18,871,143,16.42%,12
549,19,821,200,24.36%,12
550,20,1009,226,22.40%,12
551,21,877,213,24.29%,12
552,22,917,176,19.19%,12
553,23,769,241,31.34%,12
558,1,493,207,41.99%,13
559,2,463,227,49.03%,13
560,3,527,176,33.40%,13
561,4,629,223,35.45%,13
562,5,700,242,34.57%,13
563,6,496,243,48.99%,13
564,7,506,154,30.43%,13
565,8,466,176,37.77%,13
566,9,644,187,29.04%,13
567,10,470,210,44.68%,13
568,11,593,247,41.65%,13
569,12,596,175,29.36%,13
570,13,553,230,41.59%,13
571,14,614,184,29.97%,13
572,15,784,322,41.07%,13
573,16,472,132,27.97%,13
574,17,541,194,35.86%,13
575,18,480,174,36.25%,13
576,19,778,173,22.24%,13
577,20,376,129,34.31%,13
578,21,630,240,38.10%,13
579,22,622,244,39.23%,13
580,23,513,153,29.82%,13
581,24,563,212,37.66%,13
582,25,618,193,31.23%,13
583,26,651,186,28.57%,13
584,27,560,220,39.29%,13
585,28,506,175,34.58%,13
586,29,482,158,32.78%,13
587,30,450,181,40.22%,13
588,31,644,250,38.82%,13
589,32,508,191,37.60%,13
590,33,512,240,46.88%,13
591,34,664,323,48.64%,13
592,35,526,227,43.16%,13
593,36,401,120,29.93%,13
594,37,657,280,42.62%,13
595,38,464,207,44.61%,13
596,39,579,217,37.48%,13
597,40,605,224,37.02%,13
598,41,682,210,30.79%,13
599,42,578,242,41.87%,13
600,43,585,239,40.85%,13
601,44,614,254,41.37%,13
602,45,645,281,43.57%,13
603,46,737,246,33.38%,13
604,47,679,213,31.37%,13
605,48,466,226,48.50%,13
610,1,695,300,43.17%,14
611,2,940,273,29.04%,14
612,3,776,175,22.55%,14
613,4,637,272,42.70%,14
614,5,1084,276,25.46%,14
615,6,363,103,28.37%,14
616,7,945,206,21.80%,14
617,8,888,215,24.21%,14
618,9,763,288,37.75%,14
619,10,541,134,24.77%,14
620,11,428,132,30.84%,14
621,12,759,230,30.30%,14
622,13,642,195,30.37%,14
623,14,687,220,32.02%,14
624,15,792,208,26.26%,14
625,16,586,158,26.96%,14
626,17,611,182,29.79%,14
627,18,301,102,33.89%,14
628,19,684,209,30.56%,14
629,20,577,133,23.05%,14
630,21,715,220,30.77%,14
631,22,976,268,27.46%,14
632,23,593,183,30.86%,14
633,24,717,316,44.07%,14
634,25,468,132,28.21%,14
635,26,560,159,28.39%,14
636,27,722,209,28.95%,14
637,28,587,145,24.70%,14
638,29,591,208,35.19%,14
639,30,461,117,25.38%,14
640,31,409,110,26.89%,14
645,1,817,188,23.01%,15
646,2,556,119,21.40%,15
647,3,587,130,22.15%,15
648,4,860,185,21.51%,15
649,5,893,160,17.92%,15
650,6,892,168,18.83%,15
651,7,626,129,20.61%,15
652,8,794,172,21.66%,15
653,9,1029,234,22.74%,15
654,10,1057,236,22.33%,15
655,11,968,193,19.94%,15
656,12,912,201,22.04%,15
657,13,903,166,18.38%,15
658,14,872,156,17.89%,15
659,15,798,135,16.92%,15
660,16,869,204,23.48%,15
661,17,637,165,25.90%,15
662,18,613,108,17.62%,15
663,19,780,201,25.77%,15
664,20,651,125,19.20%,15
665,21,535,140,26.17%,15
666,22,692,130,18.79%,15
667,23,644,146,22.67%,15
668,24,626,119,19.01%,15
673,1,916,203,22.16%,16
674,2,746,169,22.65%,16
675,3,635,124,19.53%,16
676,4,716,136,18.99%,16
677,5,653,118,18.07%,16
678,6,684,155,22.66%,16
679,7,697,140,20.09%,16
680,8,547,102,18.65%,16
681,9,695,183,26.33%,16
682,10,654,134,20.49%,16
683,11,732,127,17.35%,16
684,12,694,124,17.87%,16
685,13,758,125,16.49%,16
686,14,593,128,21.59%,16
687,15,670,181,27.01%,16
688,16,634,170,26.81%,16
689,17,854,147,17.21%,16
690,18,704,154,21.88%,16
691,19,656,126,19.21%,16
692,20,588,138,23.47%,16
693,21,677,129,19.05%,16
694,22,696,123,17.67%,16
695,23,848,135,15.92%,16
696,24,389,92,23.65%,16
697,25,720,189,26.25%,16
698,26,583,148,25.39%,16
699,27,599,143,23.87%,16
700,28,582,176,30.24%,16
701,29,678,139,20.50%,16
702,30,597,128,21.44%,16
703,31,614,190,30.94%,16
704,32,826,156,18.89%,16
705,33,638,137,21.47%,16
706,34,614,126,20.52%,16
707,35,883,197,22.31%,16
708,36,481,126,26.20%,16
713,1,726,169,23.28%,17
714,2,701,184,26.25%,17
715,3,746,194,26.01%,17
716,4,789,274,34.73%,17
717,5,591,165,27.92%,17
718,6,785,166,21.15%,17
719,7,772,120,15.54%,17
720,8,740,143,19.32%,17
721,9,530,166,31.32%,17
722,10,823,283,34.39%,17
723,11,614,158,25.73%,17
724,12,930,219,23.55%,17
725,13,694,193,27.81%,17
726,14,804,206,25.62%,17
727,15,813,207,25.46%,17
728,16,800,151,18.88%,17
729,17,760,173,22.76%,17
730,18,696,248,35.63%,17
731,19,582,118,20.27%,17
732,20,764,289,37.83%,17
733,21,723,308,42.60%,17
734,22,681,188,27.61%,17
735,23,542,138,25.46%,17
736,24,737,251,34.06%,17
737,25,686,135,19.68%,17
738,26,807,224,27.76%,17
739,27,732,205,28.01%,17
740,28,559,157,28.09%,17
741,29,680,202,29.71%,17
742,30,703,119,16.93%,17
743,31,610,114,18.69%,17
744,32,680,147,21.62%,17
745,33,601,117,19.47%,17
746,34,635,150,23.62%,17
747,35,632,140,22.15%,17
748,36,677,201,29.69%,17
749,37,669,174,26.01%,17
750,38,867,175,20.18%,17
751,39,668,204,30.54%,17
752,40,710,246,34.65%,17
753,41,738,271,36.72%,17
758,1,636,161,25.31%,18
759,2,740,152,20.54%,18
760,3,588,157,26.70%,18
761,4,670,275,41.04%,18
762,5,534,143,26.78%,18
763,6,577,175,30.33%,18
764,7,749,197,26.30%,18
765,8,641,229,35.73%,18
766,9,597,265,44.39%,18
767,10,749,332,44.33%,18
768,11,605,182,30.08%,18
769,12,610,215,35.25%,18
770,13,682,247,36.22%,18
771,14,652,233,35.74%,18
772,15,801,238,29.71%,18
773,16,627,207,33.01%,18
774,17,724,207,28.59%,18
775,18,564,237,42.02%,18
776,19,643,252,39.19%,18
777,20,526,187,35.55%,18
778,21,725,285,39.31%,18
779,22,686,300,43.73%,18
780,23,664,183,27.56%,18
781,24,727,174,23.93%,18
782,25,707,187,26.45%,18
783,26,687,296,43.09%,18
784,27,610,164,26.89%,18
785,28,650,180,27.69%,18
786,29,725,226,31.17%,18
787,30,806,195,24.19%,18
788,31,675,226,33.48%,18
789,32,669,258,38.57%,18
790,33,578,184,31.83%,18
791,34,677,304,44.90%,18
792,35,653,306,46.86%,18
793,36,694,216,31.12%,18
794,37,680,271,39.85%,18
795,38,616,219,35.55%,18
796,39,747,163,21.82%,18
797,40,739,244,33.02%,18
798,41,690,279,40.43%,18
799,42,660,159,24.09%,18
800,43,585,139,23.76%,18
801,44,653,183,28.02%,18
802,45,727,165,22.70%,18
803,46,766,232,30.29%,18
804,47,567,156,27.51%,18
805,48,570,172,30.18%,18
806,49,540,137,25.37%,18
807,50,626,151,24.12%,18
812,1,577,270,46.79%,19
813,2,781,416,53.27%,19
814,3,506,163,32.21%,19
815,4,737,285,38.67%,19
816,5,640,353,55.16%,19
817,6,676,264,39.05%,19
818,7,576,264,45.83%,19
819,8,752,235,31.25%,19
820,9,477,214,44.86%,19
821,10,719,411,57.16%,19
822,11,661,223,33.74%,19
823,12,553,197,35.62%,19
824,13,721,370,51.32%,19
825,14,704,319,45.31%,19
826,15,881,281,31.90%,19
827,16,667,262,39.28%,19
828,17,569,244,42.88%,19
829,18,534,281,52.62%,19
830,19,769,388,50.46%,19
831,20,554,275,49.64%,19
832,21,712,209,29.35%,19
833,22,625,328,52.48%,19
834,23,652,289,44.33%,19
835,24,457,195,42.67%,19
836,25,589,297,50.42%,19
837,26,621,313,50.40%,19
838,27,599,303,50.58%,19
839,28,713,328,46.00%,19
840,29,745,207,27.79%,19
841,30,604,205,33.94%,19
842,31,529,272,51.42%,19
843,32,565,251,44.42%,19
844,33,656,230,35.06%,19
845,34,547,280,51.19%,19
846,35,540,305,56.48%,19
847,36,859,362,42.14%,19
848,37,582,310,53.26%,19
849,38,586,279,47.61%,19
850,39,275,74,26.91%,19
851,40,643,299,46.50%,19
852,41,625,219,35.04%,19
853,42,464,230,49.57%,19
854,43,879,391,44.48%,19
855,44,751,248,33.02%,19
856,45,629,284,45.15%,19
857,46,640,305,47.66%,19
858,47,879,441,50.17%,19
859,48,887,317,35.74%,19
860,49,729,388,53.22%,19
861,50,549,216,39.34%,19
862,51,686,345,50.29%,19
863,52,789,234,29.66%,19
864,53,578,276,47.75%,19
865,54,566,167,29.51%,19
866,55,594,201,33.84%,19
867,56,608,327,53.78%,19
868,57,502,271,53.98%,19
873,1,688,234,34.01%,20
874,2,404,88,21.78%,20
875,3,602,176,29.24%,20
876,4,496,86,17.34%,20
877,5,806,249,30.89%,20
878,6,434,88,20.28%,20
879,7,855,187,21.87%,20
880,8,661,227,34.34%,20
881,9,766,310,40.47%,20
882,10,609,165,27.09%,20
883,11,885,254,28.70%,20
884,12,595,131,22.02%,20
885,13,819,242,29.55%,20
886,14,310,135,43.55%,20
887,15,1015,145,14.29%,20
888,16,673,240,35.66%,20
889,17,718,110,15.32%,20
890,18,590,162,27.46%,20
891,19,748,182,24.33%,20
892,20,715,130,18.18%,20
893,21,722,124,17.17%,20
894,22,708,279,39.41%,20
895,23,777,227,29.21%,20
896,24,652,216,33.13%,20
897,25,664,150,22.59%,20
898,26,622,266,42.77%,20
899,27,436,111,25.46%,20
900,28,486,137,28.19%,20
901,29,799,302,37.80%,20
902,30,396,104,26.26%,20
903,31,819,231,28.21%,20
904,32,756,181,23.94%,20
905,33,474,163,34.39%,20
906,34,844,285,33.77%,20
907,35,778,90,11.57%,20
908,36,311,64,20.58%,20
909,37,280,72,25.71%,20
910,38,334,75,22.46%,20
911,39,67,19,28.36%,20
916,1,704,266,37.78%,21
917,2,622,168,27.01%,21
918,3,742,269,36.25%,21
919,4,748,222,29.68%,21
920,5,721,288,39.94%,21
921,6,597,175,29.31%,21
922,7,639,268,41.94%,21
923,8,691,251,36.32%,21
924,9,671,284,42.32%,21
925,10,658,204,31.00%,21
926,11,656,227,34.60%,21
927,12,670,200,29.85%,21
928,13,746,215,28.82%,21
929,14,754,297,39.39%,21
930,15,666,195,29.28%,21
931,16,655,215,32.82%,21
932,17,718,190,26.46%,21
933,18,738,258,34.96%,21
934,19,738,254,34.42%,21
935,20,645,188,29.15%,21
936,21,620,213,34.35%,21
937,22,665,221,33.23%,21
938,23,636,218,34.28%,21
939,24,683,239,34.99%,21
940,25,597,229,38.36%,21
941,26,749,214,28.57%,21
942,27,684,216,31.58%,21
943,28,872,280,32.11%,21
944,29,721,259,35.92%,21
945,30,655,198,30.23%,21
946,31,440,190,43.18%,21
947,32,681,222,32.60%,21
948,33,693,204,29.44%,21
949,34,726,213,29.34%,21
950,35,729,285,39.09%,21
951,36,638,232,36.36%,21
952,37,559,212,37.92%,21
953,38,686,209,30.47%,21
954,39,566,161,28.45%,21
955,40,635,209,32.91%,21
956,41,669,227,33.93%,21
957,42,731,265,36.25%,21
958,43,738,230,31.17%,21
959,44,732,242,33.06%,21
960,45,694,199,28.67%,21
961,46,728,254,34.89%,21
962,47,661,193,29.20%,21
963,48,678,212,31.27%,21
964,49,723,286,39.56%,21
965,50,621,188,30.27%,21
966,51,654,222,33.94%,21
967,52,691,235,34.01%,21
968,53,547,177,32.36%,21
969,54,618,233,37.70%,21
974,1,427,144,33.72%,22
975,2,813,265,32.60%,22
976,3,1164,284,24.40%,22
977,4,730,164,22.47%,22
978,5,867,177,20.42%,22
979,6,803,189,23.54%,22
980,7,576,150,26.04%,22
981,8,877,287,32.73%,22
982,9,752,155,20.61%,22
983,10,1008,253,25.10%,22
984,11,820,199,24.27%,22
985,12,655,205,31.30%,22
986,13,877,191,21.78%,22
987,14,790,166,21.01%,22
988,15,696,149,21.41%,22
989,16,658,135,20.52%,22
990,17,926,218,23.54%,22
991,18,807,155,19.21%,22
992,19,383,70,18.28%,22
993,20,807,181,22.43%,22
994,21,859,205,23.86%,22
995,22,847,154,18.18%,22
996,23,891,309,34.68%,22
997,24,1012,214,21.15%,22
998,25,832,194,23.32%,22
1003,1,568,218,38.38%,23
1004,2,641,201,31.36%,23
1005,3,577,221,38.30%,23
1006,4,648,243,37.50%,23
1007,5,692,192,27.75%,23
1008,6,751,199,26.50%,23
1009,7,629,162,25.76%,23
1010,8,790,240,30.38%,23
1011,9,616,177,28.73%,23
1012,10,786,228,29.01%,23
1013,11,799,197,24.66%,23
1014,12,572,219,38.29%,23
1015,13,647,153,23.65%,23
1016,14,557,202,36.27%,23
1017,15,632,157,24.84%,23
1018,16,564,235,41.67%,23
1019,17,597,109,18.26%,23
1020,18,580,180,31.03%,23
1021,19,651,158,24.27%,23
1022,20,574,105,18.29%,23
1023,21,581,244,42.00%,23
1024,22,647,197,30.45%,23
1025,23,589,214,36.33%,23
1026,24,627,166,26.48%,23
1027,25,722,177,24.52%,23
1028,26,681,213,31.28%,23
1029,27,521,203,38.96%,23
1030,28,617,205,33.23%,23
1031,29,519,188,36.22%,23
1032,30,772,222,28.76%,23
1033,31,586,155,26.45%,23
1034,32,687,187,27.22%,23
1035,33,760,183,24.08%,23
1036,34,751,187,24.90%,23
1037,35,498,143,28.71%,23
1038,36,590,200,33.90%,23
1039,37,580,223,38.45%,23
1040,38,557,178,31.96%,23
1041,39,700,187,26.71%,23
1046,1,686,160,23.32%,24
1047,2,770,154,20.00%,24
1048,3,758,152,20.05%,24
1049,4,535,131,24.49%,24
1050,5,427,88,20.61%,24
1051,6,689,171,24.82%,24
1052,7,489,104,21.27%,24
1053,8,412,89,21.60%,24
1054,9,710,134,18.87%,24
1055,10,374,76,20.32%,24
1056,11,852,169,19.84%,24
1057,12,451,93,20.62%,24
1058,13,458,73,15.94%,24
1059,14,689,139,20.17%,24
1060,15,442,73,16.52%,24
1061,16,994,245,24.65%,24
1062,17,590,146,24.75%,24
1063,18,661,182,27.53%,24
1064,19,820,217,26.46%,24
1065,20,593,129,21.75%,24
1066,21,391,73,18.67%,24
1067,22,911,205,22.50%,24
1068,23,686,135,19.68%,24
1069,24,900,194,21.56%,24
1070,25,641,134,20.90%,24
1071,26,881,290,32.92%,24
1072,27,989,179,18.10%,24
1073,28,483,141,29.19%,24
1074,29,485,147,30.31%,24
1075,30,380,99,26.05%,24
1076,31,766,182,23.76%,24
1077,32,399,94,23.56%,24
1078,33,495,89,17.98%,24
1079,34,662,155,23.41%,24
1080,35,632,139,21.99%,24
1081,36,810,206,25.43%,24
1082,37,451,99,21.95%,24
1083,38,512,156,30.47%,24
1084,39,781,223,28.55%,24
1085,40,844,173,20.50%,24
1086,41,478,148,30.96%,24
1091,1,711,234,32.91%,25
1092,2,819,260,31.75%,25
1093,3,977,233,23.85%,25
1094,4,786,190,24.17%,25
1095,5,860,264,30.70%,25
1096,6,635,81,12.76%,25
1097,7,866,252,29.10%,25
1098,8,889,275,30.93%,25
1099,9,901,223,24.75%,25
1100,10,1029,245,23.81%,25
1101,11,952,264,27.73%,25
1102,12,757,237,31.31%,25
1103,13,890,280,31.46%,25
1104,14,791,181,22.88%,25
1105,15,812,220,27.09%,25
1106,16,988,209,21.15%,25
1107,17,789,306,38.78%,25
1108,18,886,251,28.33%,25
1109,19,909,281,30.91%,25
1110,20,745,151,20.27%,25
1111,21,1189,347,29.18%,25
1112,22,835,230,27.54%,25
1113,23,817,312,38.19%,25
1114,24,837,251,29.99%,25
1115,25,761,198,26.02%,25
1116,26,816,221,27.08%,25
1117,27,989,198,20.02%,25
1118,28,771,274,35.54%,25
1119,29,708,219,30.93%,25
1120,30,845,239,28.28%,25
1121,31,1207,229,18.97%,25
1122,32,803,221,27.52%,25
1127,1,621,206,33.17%,26
1128,2,626,181,28.91%,26
1129,3,683,210,30.75%,26
1130,4,594,105,17.68%,26
1131,5,586,174,29.69%,26
1132,6,687,150,21.83%,26
1133,7,514,180,35.02%,26
1134,8,433,94,21.71%,26
1135,9,659,180,27.31%,26
1136,10,584,174,29.79%,26
1137,11,625,176,28.16%,26
1138,12,717,198,27.62%,26
1139,13,495,89,17.98%,26
1140,14,540,134,24.81%,26
1141,15,493,93,18.86%,26
1142,16,498,88,17.67%,26
1143,17,453,127,28.04%,26
1144,18,584,118,20.21%,26
1145,19,526,106,20.15%,26
1146,20,531,175,32.96%,26
1147,21,861,194,22.53%,26
1148,22,523,77,14.72%,26
1149,23,482,116,24.07%,26
1150,24,602,179,29.73%,26
1151,25,553,169,30.56%,26
1152,26,485,109,22.47%,26
1153,27,703,254,36.13%,26
1154,28,697,247,35.44%,26
1155,29,414,107,25.85%,26
1156,30,471,151,32.06%,26
1157,31,374,90,24.06%,26
1158,32,675,194,28.74%,26
1159,33,630,190,30.16%,26
1160,34,613,247,40.29%,26
1161,35,610,187,30.66%,26
1162,36,580,147,25.34%,26
1163,37,674,180,26.71%,26
1164,38,406,80,19.70%,26
1165,39,622,187,30.06%,26
1166,40,460,116,25.22%,26
1167,41,728,192,26.37%,26
1168,42,502,144,28.69%,26
1169,43,481,93,19.33%,26
1170,44,442,121,27.38%,26
1171,45,445,58,13.03%,26
1172,46,430,103,23.95%,26
1173,47,527,98,18.60%,26
1174,48,557,170,30.52%,26
1175,49,470,85,18.09%,26
1180,1,991,206,20.79%,27
1181,2,775,220,28.39%,27
1182,3,590,120,20.34%,27
1183,4,445,115,25.84%,27
1184,5,801,163,20.35%,27
1185,6,785,183,23.31%,27
1186,7,838,277,33.05%,27
1187,8,803,140,17.43%,27
1188,9,323,90,27.86%,27
1189,10,865,266,30.75%,27
1190,11,790,168,21.27%,27
1191,12,433,114,26.33%,27
1192,13,922,340,36.88%,27
1193,14,483,95,19.67%,27
1194,15,572,107,18.71%,27
1195,16,976,135,13.83%,27
1196,17,741,180,24.29%,27
1197,18,587,151,25.72%,27
1198,19,607,94,15.49%,27
1199,20,636,114,17.92%,27
1200,21,644,168,26.09%,27
1201,22,539,123,22.82%,27
1202,23,578,169,29.24%,27
1203,24,747,125,16.73%,27
1204,25,638,190,29.78%,27
1205,26,588,191,32.48%,27
1206,27,907,199,21.94%,27
1207,28,352,106,30.11%,27
1208,29,686,119,17.35%,27
1209,30,418,109,26.08%,27
1210,31,688,177,25.73%,27
1211,32,593,173,29.17%,27
1212,33,761,173,22.73%,27
1213,34,633,168,26.54%,27
1214,35,734,190,25.89%,27
1215,36,507,160,31.56%,27
1216,37,781,267,34.19%,27
1217,38,923,331,35.86%,27
1218,39,495,164,33.13%,27
1219,40,920,254,27.61%,27
1220,41,673,231,34.32%,27
1221,42,445,140,31.46%,27
1222,43,539,133,24.68%,27
1223,44,690,135,19.57%,27
1224,45,1261,267,21.17%,27
1225,46,468,128,27.35%,27
1226,47,502,193,38.45%,27
1227,48,1292,295,22.83%,27
1228,49,622,143,22.99%,27
1229,50,726,203,27.96%,27
1234,1,610,120,19.67%,28
1235,2,667,150,22.49%,28
1236,3,654,142,21.71%,28
1237,4,522,118,22.61%,28
1238,5,329,129,39.21%,28
1239,6,274,140,51.09%,28
1240,7,771,157,20.36%,28
1241,8,635,146,22.99%,28
1242,9,782,163,20.84%,28
1243,10,795,226,28.43%,28
1244,11,1256,278,22.13%,28
1245,12,765,171,22.35%,28
1246,13,628,197,31.37%,28
1247,14,709,159,22.43%,28
1248,15,184,60,32.61%,28
1249,16,540,106,19.63%,28
1250,17,636,134,21.07%,28
1251,18,450,155,34.44%,28
1252,19,579,163,28.15%,28
1253,20,596,171,28.69%,28
1254,21,620,143,23.06%,28
1255,22,551,155,28.13%,28
1256,23,918,183,19.93%,28
1257,24,692,145,20.95%,28
1258,25,864,264,30.56%,28
1259,26,862,187,21.69%,28
1260,27,568,174,30.63%,28
1261,28,650,226,34.77%,28
1262,29,942,75,7.96%,28
1263,30,94,39,41.49%,28
1264,31,944,304,32.20%,28
1265,32,759,159,20.95%,28
1266,33,778,190,24.42%,28
1267,34,1472,234,15.90%,28
1268,35,886,175,19.75%,28
1269,36,422,92,21.80%,28
1270,37,926,220,23.76%,28
1271,38,392,81,20.66%,28
1272,39,534,109,20.41%,28
1273,40,915,218,23.83%,28
1274,41,538,131,24.35%,28
1275,42,778,187,24.04%,28
1276,43,965,209,21.66%,28
1277,44,578,129,22.32%,28
1278,45,635,143,22.52%,28
1279,46,1077,288,26.74%,28
1284,1,826,342,41.40%,29
1285,2,1104,326,29.53%,29
1286,3,854,216,25.29%,29
1287,4,913,271,29.68%,29
1288,5,771,155,20.10%,29
1289,6,784,190,24.23%,29
1290,7,692,256,36.99%,29
1291,8,808,149,18.44%,29
1292,9,752,270,35.90%,29
1293,10,796,316,39.70%,29
1294,11,443,142,32.05%,29
1295,12,843,281,33.33%,29
1296,13,846,230,27.19%,29
1297,14,679,206,30.34%,29
1298,15,819,267,32.60%,29
1299,16,822,245,29.81%,29
1300,17,756,234,30.95%,29
1301,18,827,232,28.05%,29
1302,19,778,242,31.11%,29
1303,20,1013,284,28.04%,29
1304,21,1152,247,21.44%,29
1305,22,663,187,28.21%,29
1306,23,786,221,28.12%,29
1307,24,717,222,30.96%,29
1308,25,829,291,35.10%,29
1309,26,680,253,37.21%,29
1310,27,670,201,30.00%,29
1311,28,964,279,28.94%,29
1312,29,889,170,19.12%,29
1313,30,790,316,40.00%,29
1314,31,868,154,17.74%,29
1315,32,851,129,15.16%,29
1316,33,490,216,44.08%,29
1317,34,486,125,25.72%,29
1318,35,631,167,26.47%,29
1319,36,643,203,31.57%,29
1320,37,768,226,29.43%,29
1321,38,873,169,19.36%,29
1322,39,870,181,20.80%,29
1323,40,991,273,27.55%,29
1324,41,691,170,24.60%,29
1325,42,870,228,26.21%,29
1326,43,767,308,40.16%,29
1327,44,973,283,29.09%,29
1332,1,861,218,25.32%,30
1333,2,850,150,17.65%,30
1334,3,544,157,28.86%,30
1335,4,808,159,19.68%,30
1336,5,754,116,15.38%,30
1337,6,691,148,21.42%,30
1338,7,837,180,21.51%,30
1339,8,846,248,29.31%,30
1340,9,760,125,16.45%,30
1341,10,974,155,15.91%,30
1342,11,864,136,15.74%,30
1343,12,831,114,13.72%,30
1344,13,745,145,19.46%,30
1345,14,645,99,15.35%,30
1346,15,591,236,39.93%,30
1347,16,457,63,13.79%,30
1348,17,824,194,23.54%,30
1349,18,922,211,22.89%,30
1350,19,982,152,15.48%,30
1351,20,835,194,23.23%,30
1352,21,625,136,21.76%,30
1353,22,996,246,24.70%,30
1354,23,885,170,19.21%,30
1355,24,943,243,25.77%,30
1356,25,1077,273,25.35%,30
1357,26,588,113,19.22%,30
1358,27,554,107,19.31%,30
1359,28,780,225,28.85%,30
1360,29,600,92,15.33%,30
1361,30,442,56,12.67%,30
1362,31,483,112,23.19%,30
1363,32,554,168,30.32%,30
1368,1,649,101,15.56%,31
1369,2,522,113,21.65%,31
1370,3,552,93,16.85%,31
1371,4,602,218,36.21%,31
1372,5,589,154,26.15%,31
1373,6,455,112,24.62%,31
1374,7,695,223,32.09%,31
1375,8,529,108,20.42%,31
1376,9,664,134,20.18%,31
1377,10,590,101,17.12%,31
1378,11,495,97,19.60%,31
1379,12,521,91,17.47%,31
1380,13,643,149,23.17%,31
1381,14,560,121,21.61%,31
1382,15,578,122,21.11%,31
1383,16,606,206,33.99%,31
1384,17,562,112,19.93%,31
1385,18,584,119,20.38%,31
1386,19,531,103,19.40%,31
1387,20,546,116,21.25%,31
1388,21,550,121,22.00%,31
1389,22,565,102,18.05%,31
1390,23,597,119,19.93%,31
1391,24,600,169,28.17%,31
1392,25,573,102,17.80%,31
1393,26,590,153,25.93%,31
1394,27,721,153,21.22%,31
1395,28,563,92,16.34%,31
1396,29,610,151,24.75%,31
1397,30,534,89,16.67%,31
1398,31,528,108,20.45%,31
1399,32,573,78,13.61%,31
1400,33,563,97,17.23%,31
1401,34,612,119,19.44%,31
1402,35,643,110,17.11%,31
1403,36,562,147,26.16%,31
1404,37,559,110,19.68%,31
1405,38,580,96,16.55%,31
1406,39,625,148,23.68%,31
1407,40,684,139,20.32%,31
1408,41,612,112,18.30%,31
1413,1,1003,280,27.92%,32
1414,2,804,227,28.23%,32
1415,3,792,324,40.91%,32
1416,4,758,253,33.38%,32
1417,5,753,244,32.40%,32
1418,6,848,259,30.54%,32
1419,7,807,243,30.11%,32
1420,8,900,226,25.11%,32
1421,9,798,226,28.32%,32
1422,10,874,246,28.15%,32
1423,11,664,315,47.44%,32
1424,12,577,230,39.86%,32
1425,13,838,218,26.01%,32
1426,14,709,296,41.75%,32
1427,15,737,242,32.84%,32
1428,16,747,266,35.61%,32
1429,17,758,299,39.45%,32
1430,18,748,200,26.74%,32
1431,19,768,217,28.26%,32
1432,20,735,305,41.50%,32
1433,21,783,288,36.78%,32
1434,22,927,386,41.64%,32
1435,23,743,223,30.01%,32
1436,24,699,135,19.31%,32
1437,25,774,242,31.27%,32
1438,26,797,331,41.53%,32
1439,27,758,204,26.91%,32
1440,28,804,289,35.95%,32
1441,29,725,282,38.90%,32
1442,30,755,189,25.03%,32
1443,31,782,259,33.12%,32
1444,32,811,251,30.95%,32
1445,33,767,262,34.16%,32
1446,34,850,253,29.76%,32
1447,35,803,210,26.15%,32
1448,36,787,256,32.53%,32
1449,37,779,217,27.86%,32
1450,38,759,222,29.25%,32
1451,39,861,236,27.41%,32
1452,40,784,276,35.20%,32
1453,41,794,246,30.98%,32
1454,42,752,206,27.39%,32
1455,43,640,252,39.38%,32
1460,1,888,292,32.88%,33
1461,2,1152,383,33.25%,33
1462,3,989,370,37.41%,33
1463,4,1109,328,29.58%,33
1464,5,819,206,25.15%,33
1465,6,806,232,28.78%,33
1466,7,1004,292,29.08%,33
1467,8,950,449,47.26%,33
1468,9,925,316,34.16%,33
1469,10,790,257,32.53%,33
1470,11,911,279,30.63%,33
1471,12,938,255,27.19%,33
1472,13,826,251,30.39%,33
1473,14,477,115,24.11%,33
1474,15,950,311,32.74%,33
1475,16,1177,361,30.67%,33
1476,17,967,287,29.68%,33
1477,18,1124,330,29.36%,33
1478,19,988,252,25.51%,33
1479,20,951,297,31.23%,33
1480,21,896,310,34.60%,33
1481,22,789,280,35.49%,33
1482,23,809,315,38.94%,33
1483,24,936,475,50.75%,33
1484,25,1026,319,31.09%,33
1485,26,644,198,30.75%,33
1486,27,980,279,28.47%,33
1487,28,774,260,33.59%,33
1492,1,701,268,38.23%,34
1493,2,630,221,35.08%,34
1494,3,756,214,28.31%,34
1495,4,659,160,24.28%,34
1496,5,656,201,30.64%,34
1497,6,755,257,34.04%,34
1498,7,731,266,36.39%,34
1499,8,639,192,30.05%,34
1500,9,701,165,23.54%,34
1501,10,679,241,35.49%,34
1502,11,727,165,22.70%,34
1503,12,723,237,32.78%,34
1504,13,673,245,36.40%,34
1505,14,697,174,24.96%,34
1506,15,783,181,23.12%,34
1507,16,728,184,25.27%,34
1508,17,861,295,34.26%,34
1509,18,639,180,28.17%,34
1510,19,849,230,27.09%,34
1511,20,738,295,39.97%,34
1512,21,711,303,42.62%,34
1513,22,628,253,40.29%,34
1514,23,626,187,29.87%,34
1515,24,693,202,29.15%,34
1516,25,1013,367,36.23%,34
1517,26,820,257,31.34%,34
1518,27,668,195,29.19%,34
1519,28,587,134,22.83%,34
1520,29,632,191,30.22%,34
1521,30,552,268,48.55%,34
1522,31,755,181,23.97%,34
1523,32,729,196,26.89%,34
1524,33,651,187,28.73%,34
1525,34,700,263,37.57%,34
1526,35,808,242,29.95%,34
1527,36,603,238,39.47%,34
1528,37,656,124,18.90%,34
1529,38,585,104,17.78%,34
1530,39,630,159,25.24%,34
1531,40,777,241,31.02%,34
1532,41,593,150,25.30%,34
1533,42,686,278,40.52%,34
1534,43,581,248,42.69%,34
1535,44,668,264,39.52%,34
1536,45,706,239,33.85%,34
1537,46,464,179,38.58%,34
1538,47,740,192,25.95%,34
1539,48,688,287,41.72%,34
1540,49,568,246,43.31%,34
1541,50,696,163,23.42%,34
1542,51,690,264,38.26%,34
1543,52,504,190,37.70%,34
1544,53,607,124,20.43%,34
1549,1,802,234,29.18%,35
1550,2,738,313,42.41%,35
1551,3,779,223,28.63%,35
1552,4,753,218,28.95%,35
1553,5,693,217,31.31%,35
1554,6,773,217,28.07%,35
1555,7,762,244,32.02%,35
1556,8,784,259,33.04%,35
1557,9,789,221,28.01%,35
1558,10,814,344,42.26%,35
1559,11,842,245,29.10%,35
1560,12,741,163,22.00%,35
1561,13,758,144,19.00%,35
1562,14,761,159,20.89%,35
1563,15,873,274,31.39%,35
1564,16,703,140,19.91%,35
1565,17,819,254,31.01%,35
1566,18,727,163,22.42%,35
1567,19,732,100,13.66%,35
1568,20,795,184,23.14%,35
1569,21,779,221,28.37%,35
1570,22,948,264,27.85%,35
1571,23,788,246,31.22%,35
1572,24,749,210,28.04%,35
1573,25,767,266,34.68%,35
1574,26,718,183,25.49%,35
1575,27,745,199,26.71%,35
1576,28,748,207,27.67%,35
1577,29,838,158,18.85%,35
1578,30,837,179,21.39%,35
1579,31,791,252,31.86%,35
1584,1,822,163,19.83%,36
1585,2,804,139,17.29%,36
1586,3,643,155,24.11%,36
1587,4,904,124,13.72%,36
1588,5,821,153,18.64%,36
1589,6,785,128,16.31%,36
1590,7,792,238,30.05%,36
1591,8,689,125,18.14%,36
1592,9,802,144,17.96%,36
1593,10,935,182,19.47%,36
1594,11,631,109,17.27%,36
1595,12,691,93,13.46%,36
1596,13,631,105,16.64%,36
1597,14,755,185,24.50%,36
1598,15,779,210,26.96%,36
1599,16,775,189,24.39%,36
1600,17,814,214,26.29%,36
1601,18,825,178,21.58%,36
1602,19,929,192,20.67%,36
1603,20,837,163,19.47%,36
1604,21,842,122,14.49%,36
1605,22,765,117,15.29%,36
1606,23,832,113,13.58%,36
1607,24,885,143,16.16%,36
1608,25,864,144,16.67%,36
1609,26,796,130,16.33%,36
1610,27,756,163,21.56%,36
1611,28,821,124,15.10%,36
1612,29,848,182,21.46%,36
1613,30,808,158,19.55%,36
1618,1,682,168,24.63%,37
1619,2,722,123,17.04%,37
1620,3,670,123,18.36%,37
1621,4,685,131,19.12%,37
1622,5,751,226,30.09%,37
1623,6,760,200,26.32%,37
1624,7,679,131,19.29%,37
1625,8,696,133,19.11%,37
1626,9,800,198,24.75%,37
1627,10,874,200,22.88%,37
1628,11,696,119,17.10%,37
1629,12,750,116,15.47%,37
1630,13,643,135,21.00%,37
1631,14,846,210,24.82%,37
1632,15,803,207,25.78%,37
1633,16,856,199,23.25%,37
1634,17,695,167,24.03%,37
1635,18,764,191,25.00%,37
1636,19,769,153,19.90%,37
1637,20,727,151,20.77%,37
1638,21,728,183,25.14%,37
1639,22,811,143,17.63%,37
1640,23,681,199,29.22%,37
1641,24,785,214,27.26%,37
1642,25,733,178,24.28%,37
1643,26,811,257,31.69%,37
1644,27,750,194,25.87%,37
1645,28,684,165,24.12%,37
1646,29,772,195,25.26%,37
1647,30,821,174,21.19%,37
1648,31,809,188,23.24%,37
1649,32,708,186,26.27%,37
1650,33,810,241,29.75%,37
1651,34,760,169,22.24%,37
1652,35,758,217,28.63%,37
1653,36,794,172,21.66%,37
1654,37,922,249,27.01%,37
1655,38,803,240,29.89%,37
1656,39,726,174,23.97%,37
1657,40,739,224,30.31%,37
1658,41,735,175,23.81%,37
1663,1,695,173,24.89%,38
1664,2,730,203,27.81%,38
1665,3,852,159,18.66%,38
1666,4,771,175,22.70%,38
1667,5,806,173,21.46%,38
1668,6,866,155,17.90%,38
1669,7,794,162,20.40%,38
1670,8,783,155,19.80%,38
1671,9,844,195,23.10%,38
1672,10,747,143,19.14%,38
1673,11,685,191,27.88%,38
1674,12,802,177,22.07%,38
1675,13,846,197,23.29%,38
1676,14,812,190,23.40%,38
1677,15,731,167,22.85%,38
1678,16,768,183,23.83%,38
1679,17,891,201,22.56%,38
1680,18,800,194,24.25%,38
1681,19,875,233,26.63%,38
1682,20,832,181,21.75%,38
1683,21,781,168,21.51%,38
1684,22,734,204,27.79%,38
1685,23,767,222,28.94%,38
1686,24,791,177,22.38%,38
1687,25,691,158,22.87%,38
1688,26,784,177,22.58%,38
1689,27,813,172,21.16%,38
1690,28,911,202,22.17%,38
1691,29,786,181,23.03%,38
1692,30,867,173,19.95%,38
1693,31,704,212,30.11%,38
1694,32,776,171,22.04%,38
1695,33,846,182,21.51%,38
1696,34,751,190,25.30%,38
1697,35,764,197,25.79%,38
1698,36,703,168,23.90%,38
1699,37,789,200,25.35%,38
1700,38,758,157,20.71%,38
1701,39,817,227,27.78%,38
1702,40,758,199,26.25%,38
1703,41,621,238,38.33%,38
1708,1,644,258,40.06%,39
1709,2,711,287,40.37%,39
1710,3,751,297,39.55%,39
1711,4,652,243,37.27%,39
1712,5,735,210,28.57%,39
1713,6,859,227,26.43%,39
1714,7,666,195,29.28%,39
1715,8,860,237,27.56%,39
1716,9,787,203,25.79%,39
1717,10,353,123,34.84%,39
1718,11,719,195,27.12%,39
1719,12,1018,278,27.31%,39
1720,13,764,179,23.43%,39
1721,14,733,188,25.65%,39
1722,15,836,236,28.23%,39
1723,16,810,147,18.15%,39
1724,17,744,275,36.96%,39
1725,18,757,256,33.82%,39
1726,19,761,238,31.27%,39
1727,20,893,263,29.45%,39
1728,21,727,212,29.16%,39
1729,22,758,149,19.66%,39
1730,23,697,248,35.58%,39
1731,24,849,282,33.22%,39
1732,25,761,186,24.44%,39
1733,26,742,215,28.98%,39
1734,27,113,63,55.75%,39
1735,28,823,331,40.22%,39
1736,29,471,133,28.24%,39
1737,30,875,274,31.31%,39
1738,31,767,206,26.86%,39
1739,32,772,213,27.59%,39
1740,33,953,262,27.49%,39
1741,34,875,251,28.69%,39
1742,35,753,213,28.29%,39
1743,36,273,68,24.91%,39
1744,37,625,294,47.04%,39
1745,38,366,165,45.08%,39
1746,39,446,149,33.41%,39
1747,40,701,205,29.24%,39
1748,41,747,248,33.20%,39
1749,42,699,303,43.35%,39
1750,43,727,257,35.35%,39
1751,44,529,180,34.03%,39
1752,45,639,239,37.40%,39
1757,1,831,197,23.71%,40
1758,2,817,221,27.05%,40
1759,3,868,343,39.52%,40
1760,4,521,142,27.26%,40
1761,5,783,278,35.50%,40
1762,6,776,322,41.49%,40
1763,7,697,311,44.62%,40
1764,8,836,354,42.34%,40
1765,9,734,178,24.25%,40
1766,10,934,209,22.38%,40
1767,11,695,279,40.14%,40
1768,12,573,204,35.60%,40
1769,13,977,457,46.78%,40
1770,14,797,159,19.95%,40
1771,15,822,220,26.76%,40
1772,16,810,371,45.80%,40
1773,17,691,245,35.46%,40
1774,18,827,171,20.68%,40
1775,19,1014,283,27.91%,40
1776,20,853,231,27.08%,40
1777,21,803,353,43.96%,40
1778,22,774,271,35.01%,40
1779,23,814,360,44.23%,40
1780,24,839,183,21.81%,40
1781,25,793,325,40.98%,40
1782,26,700,297,42.43%,40
1783,27,1019,351,34.45%,40
1784,28,793,303,38.21%,40
1785,29,752,272,36.17%,40
1786,30,664,258,38.86%,40
1787,31,769,338,43.95%,40
1788,32,774,341,44.06%,40
1789,33,651,341,52.38%,40
1790,34,775,197,25.42%,40
1791,35,790,156,19.75%,40
1792,36,640,253,39.53%,40
1793,37,829,249,30.04%,40
1794,38,800,356,44.50%,40
1795,39,362,61,16.85%,40
1800,1,708,172,24.29%,41
1801,2,706,214,30.31%,41
1802,3,743,215,28.94%,41
1803,4,700,257,36.71%,41
1804,5,875,221,25.26%,41
1805,6,773,301,38.94%,41
1806,7,794,241,30.35%,41
1807,8,712,214,30.06%,41
1808,9,750,213,28.40%,41
1809,10,715,295,41.26%,41
1810,11,845,238,28.17%,41
1811,12,877,189,21.55%,41
1812,13,879,202,22.98%,41
1813,14,745,284,38.12%,41
1814,15,907,275,30.32%,41
1815,16,745,178,23.89%,41
1816,17,722,233,32.27%,41
1817,18,684,189,27.63%,41
1818,19,756,277,36.64%,41
1819,20,633,165,26.07%,41
1820,21,736,220,29.89%,41
1821,22,793,280,35.31%,41
1822,23,863,161,18.66%,41
1823,24,761,157,20.63%,41
1824,25,966,96,9.94%,41
1825,26,683,226,33.09%,41
1826,27,846,128,15.13%,41
1827,28,969,161,16.62%,41
1828,29,838,108,12.89%,41
1829,30,765,187,24.44%,41
1830,31,764,259,33.90%,41
1831,32,639,180,28.17%,41
1832,33,730,178,24.38%,41
1833,34,700,192,27.43%,41
1834,35,850,270,31.76%,41
1835,36,721,212,29.40%,41
1836,37,819,233,28.45%,41
1837,38,760,202,26.58%,41
1838,39,749,255,34.05%,41
1839,40,777,246,31.66%,41
1840,41,767,181,23.60%,41
1841,42,733,211,28.79%,41
1842,43,795,203,25.53%,41
1843,44,765,224,29.28%,41
1844,45,762,173,22.70%,41
1845,46,733,268,36.56%,41
1846,47,794,251,31.61%,41
1851,1,722,260,36.01%,42
1852,2,930,185,19.89%,42
1853,3,838,217,25.89%,42
1854,4,1586,301,18.98%,42
1855,5,738,170,23.04%,42
1856,6,745,316,42.42%,42
1857,7,930,255,27.42%,42
1858,8,741,243,32.79%,42
1859,9,1105,213,19.28%,42
1860,10,1158,264,22.80%,42
1861,11,573,164,28.62%,42
1862,12,664,236,35.54%,42
1863,13,645,275,42.64%,42
1864,14,1020,188,18.43%,42
1865,15,878,172,19.59%,42
1866,16,870,238,27.36%,42
1867,17,1207,278,23.03%,42
1868,18,970,146,15.05%,42
1869,19,1083,295,27.24%,42
1870,20,936,175,18.70%,42
1871,21,843,180,21.35%,42
1872,22,447,98,21.92%,42
1873,23,910,228,25.05%,42
1874,24,813,233,28.66%,42
1875,25,941,192,20.40%,42
1876,26,1024,242,23.63%,42
1877,27,528,204,38.64%,42
1878,28,832,287,34.50%,42
1879,29,862,207,24.01%,42
1880,30,648,233,35.96%,42
1881,31,1015,233,22.96%,42
1882,32,936,155,16.56%,42
1883,33,939,239,25.45%,42
1884,34,788,216,27.41%,42
1885,35,1133,292,25.77%,42
1886,36,1454,281,19.33%,42
1887,37,647,124,19.17%,42
1888,38,823,170,20.66%,42
1889,39,1045,201,19.23%,42
1890,40,1047,257,24.55%,42
1891,41,851,197,23.15%,42
1892,42,1358,303,22.31%,42
1897,1,422,138,32.70%,43
1898,2,745,212,28.46%,43
1899,3,764,229,29.97%,43
1900,4,1034,247,23.89%,43
1901,5,667,194,29.09%,43
1902,6,569,159,27.94%,43
1903,7,534,184,34.46%,43
1904,8,611,209,34.21%,43
1905,9,840,283,33.69%,43
1906,10,897,290,32.33%,43
1907,11,734,142,19.35%,43
1908,12,520,177,34.04%,43
1909,13,748,245,32.75%,43
1910,14,739,264,35.72%,43
1911,15,790,238,30.13%,43
1912,16,843,168,19.93%,43
1913,17,634,183,28.86%,43
1914,18,871,269,30.88%,43
1915,19,816,277,33.95%,43
1916,20,852,233,27.35%,43
1917,21,900,238,26.44%,43
1918,22,500,148,29.60%,43
1919,23,552,151,27.36%,43
1920,24,686,171,24.93%,43
1921,25,570,239,41.93%,43
1922,26,504,189,37.50%,43
1923,27,713,233,32.68%,43
1924,28,985,267,27.11%,43
1925,29,753,202,26.83%,43
1926,30,796,228,28.64%,43
1927,31,835,260,31.14%,43
1928,32,781,270,34.57%,43
1929,33,811,274,33.79%,43
1930,34,513,213,41.52%,43
1931,35,894,308,34.45%,43
1932,36,431,97,22.51%,43
1933,37,931,209,22.45%,43
1934,38,714,225,31.51%,43
1935,39,709,161,22.71%,43
1936,40,592,165,27.87%,43
1937,41,932,313,33.58%,43
1938,42,754,239,31.70%,43
1939,43,822,278,33.82%,43
1940,44,739,230,31.12%,43
1941,45,464,156,33.62%,43
1942,46,447,114,25.50%,43
1947,1,1068,410,38.39%,44
1948,2,838,272,32.46%,44
1949,3,474,258,54.43%,44
1950,4,760,304,40.00%,44
1951,5,832,279,33.53%,44
1952,6,984,322,32.72%,44
1953,7,579,225,38.86%,44
1954,8,1041,352,33.81%,44
1955,9,779,220,28.24%,44
1956,10,807,220,27.26%,44
1957,11,837,258,30.82%,44
1958,12,791,290,36.66%,44
1959,13,706,174,24.65%,44
1960,14,706,188,26.63%,44
1961,15,757,254,33.55%,44
1962,16,896,290,32.37%,44
1963,17,1007,407,40.42%,44
1964,18,901,245,27.19%,44
1965,19,902,347,38.47%,44
1966,20,854,242,28.34%,44
1967,21,835,301,36.05%,44
1968,22,801,338,42.20%,44
1969,23,756,244,32.28%,44
1970,24,575,238,41.39%,44
1971,25,813,255,31.37%,44
1972,26,855,281,32.87%,44
1973,27,883,315,35.67%,44
1974,28,799,258,32.29%,44
1975,29,847,228,26.92%,44
1976,30,873,270,30.93%,44
1977,31,736,208,28.26%,44
1978,32,929,278,29.92%,44
1979,33,752,261,34.71%,44
1980,34,853,317,37.16%,44
1981,35,939,369,39.30%,44
1982,36,803,238,29.64%,44
1983,37,826,303,36.68%,44
1984,38,829,195,23.52%,44
1985,39,792,233,29.42%,44
1986,40,753,202,26.83%,44
1987,41,1006,317,31.51%,44
1992,1,514,189,36.77%,45
1993,2,659,225,34.14%,45
1994,3,583,236,40.48%,45
1995,4,804,300,37.31%,45
1996,5,715,272,38.04%,45
1997,6,858,324,37.76%,45
1998,7,1007,371,36.84%,45
1999,8,800,207,25.88%,45
2000,9,824,209,25.36%,45
2001,10,812,233,28.69%,45
2002,11,592,153,25.84%,45
2003,12,772,233,30.18%,45
2004,13,628,214,34.08%,45
2005,14,1017,265,26.06%,45
2006,15,839,319,38.02%,45
2007,16,657,212,32.27%,45
2008,17,867,238,27.45%,45
2009,18,852,197,23.12%,45
2010,19,463,106,22.89%,45
2011,20,597,139,23.28%,45
2012,21,707,206,29.14%,45
2013,22,773,187,24.19%,45
2014,23,768,194,25.26%,45
2015,24,653,179,27.41%,45
2016,25,473,147,31.08%,45
2017,26,433,108,24.94%,45
2018,27,725,179,24.69%,45
2019,28,638,152,23.82%,45
2020,29,567,132,23.28%,45
2021,30,711,201,28.27%,45
2022,31,621,169,27.21%,45
2023,32,707,170,24.05%,45
2024,33,525,150,28.57%,45
2025,34,811,233,28.73%,45
2026,35,741,256,34.55%,45
2027,36,742,248,33.42%,45
2028,37,773,200,25.87%,45
2029,38,779,176,22.59%,45
2030,39,833,190,22.81%,45
2031,40,729,214,29.36%,45
2032,41,740,200,27.03%,45
2033,42,687,211,30.71%,45
2034,43,778,214,27.51%,45
2035,44,719,197,27.40%,45
2036,45,518,110,21.24%,45
2037,46,628,141,22.45%,45
2038,47,553,146,26.40%,45
2039,48,631,139,22.03%,45
2044,1,722,237,32.83%,46
2045,2,687,258,37.55%,46
2046,3,828,364,43.96%,46
2047,4,730,262,35.89%,46
2048,5,985,277,28.12%,46
2049,6,798,240,30.08%,46
2050,7,763,362,47.44%,46
2051,8,692,203,29.34%,46
2052,9,770,299,38.83%,46
2053,10,1127,341,30.26%,46
2054,11,824,235,28.52%,46
2055,12,811,321,39.58%,46
2056,13,773,267,34.54%,46
2057,14,1007,289,28.70%,46
2058,15,759,262,34.52%,46
2059,16,824,330,40.05%,46
2060,17,871,334,38.35%,46
2061,18,855,285,33.33%,46
2062,19,501,232,46.31%,46
2063,20,762,243,31.89%,46
2064,21,740,164,22.16%,46
2065,22,743,184,24.76%,46
2066,23,689,215,31.20%,46
2067,24,798,333,41.73%,46
2068,25,735,256,34.83%,46
2069,26,775,283,36.52%,46
2070,27,956,348,36.40%,46
2071,28,675,332,49.19%,46
2072,29,672,251,37.35%,46
2073,30,792,264,33.33%,46
2074,31,775,255,32.90%,46
2075,32,881,258,29.28%,46
2076,33,773,319,41.27%,46
2077,34,965,279,28.91%,46
2078,35,910,273,30.00%,46
2079,36,686,287,41.84%,46
2080,37,758,242,31.93%,46
2081,38,866,212,24.48%,46
2082,39,715,267,37.34%,46
2083,40,661,280,42.36%,46
2088,1,508,163,32.09%,47
2089,2,754,342,45.36%,47
2090,3,754,352,46.68%,47
2091,4,809,378,46.72%,47
2092,5,820,360,43.90%,47
2093,6,882,300,34.01%,47
2094,7,723,271,37.48%,47
2095,8,770,321,41.69%,47
2096,9,722,258,35.73%,47
2097,10,910,385,42.31%,47
2098,11,765,265,34.64%,47
2099,12,803,358,44.58%,47
2100,13,705,319,45.25%,47
2101,14,669,307,45.89%,47
2102,15,915,420,45.90%,47
2103,16,738,330,44.72%,47
2104,17,761,290,38.11%,47
2105,18,776,304,39.18%,47
2106,19,937,383,40.88%,47
2107,20,696,303,43.53%,47
2108,21,721,322,44.66%,47
2109,22,798,354,44.36%,47
2110,23,800,379,47.38%,47
2111,24,751,278,37.02%,47
2112,25,905,308,34.03%,47
2113,26,937,364,38.85%,47
2114,27,664,273,41.11%,47
2115,28,721,309,42.86%,47
2116,29,775,309,39.87%,47
2117,30,937,379,40.45%,47
2118,31,739,282,38.16%,47
2119,32,856,404,47.20%,47
2120,33,745,225,30.20%,47
2121,34,749,344,45.93%,47
2122,35,783,299,38.19%,47
2123,36,841,365,43.40%,47
2124,37,734,337,45.91%,47
2125,38,711,316,44.44%,47
2126,39,759,330,43.48%,47
2127,40,704,392,55.68%,47
2128,41,787,365,46.38%,47
2129,42,719,324,45.06%,47
2130,43,715,268,37.48%,47
2131,44,805,242,30.06%,47
2132,45,672,313,46.58%,47
2133,46,729,300,41.15%,47
2134,47,875,313,35.77%,47
2135,48,85,40,47.06%,47
2140,1,729,297,40.74%,48
2141,2,348,177,50.86%,48
2142,3,896,312,34.82%,48
2143,4,686,298,43.44%,48
2144,5,396,228,57.58%,48
2145,6,956,350,36.61%,48
2146,7,709,331,46.69%,48
2147,8,423,175,41.37%,48
2148,9,514,187,36.38%,48
2149,10,899,439,48.83%,48
2150,11,581,292,50.26%,48
2151,12,846,360,42.55%,48
2152,13,866,394,45.50%,48
2153,14,421,178,42.28%,48
2154,15,551,166,30.13%,48
2155,16,820,294,35.85%,48
2156,17,693,304,43.87%,48
2157,18,617,238,38.57%,48
2158,19,520,280,53.85%,48
2159,20,816,382,46.81%,48
2160,21,1001,328,32.77%,48
2161,22,573,325,56.72%,48
2162,23,849,361,42.52%,48
2163,24,945,286,30.26%,48
2164,25,597,340,56.95%,48
2165,26,388,134,34.54%,48
2166,27,1627,311,19.11%,48
2167,28,940,313,33.30%,48
2168,29,351,228,64.96%,48
2169,30,587,298,50.77%,48
2170,31,1078,327,30.33%,48
2171,32,773,274,35.45%,48
2172,33,384,214,55.73%,48
2173,34,578,272,47.06%,48
2174,35,761,215,28.25%,48
2175,36,429,210,48.95%,48
2176,37,785,298,37.96%,48
2177,38,727,382,52.54%,48
2178,39,591,258,43.65%,48
2179,40,591,285,48.22%,48
2180,41,873,307,35.17%,48
2181,42,912,413,45.29%,48
2182,43,784,305,38.90%,48
2183,44,820,383,46.71%,48
2184,45,511,238,46.58%,48
2185,46,506,207,40.91%,48
2190,1,681,180,26.43%,49
2191,2,476,201,42.23%,49
2192,3,907,310,34.18%,49
2193,4,962,354,36.80%,49
2194,5,880,363,41.25%,49
2195,6,691,270,39.07%,49
2196,7,827,284,34.34%,49
2197,8,709,219,30.89%,49
2198,9,809,289,35.72%,49
2199,10,803,324,40.35%,49
2200,11,931,376,40.39%,49
2201,12,941,409,43.46%,49
2202,13,904,358,39.60%,49
2203,14,688,283,41.13%,49
2204,15,674,201,29.82%,49
2205,16,812,334,41.13%,49
2206,17,535,170,31.78%,49
2207,18,940,399,42.45%,49
2208,19,805,230,28.57%,49
2209,20,1058,452,42.72%,49
2210,21,573,166,28.97%,49
2211,22,913,332,36.36%,49
2212,23,911,356,39.08%,49
2213,24,735,203,27.62%,49
2214,25,939,374,39.83%,49
2215,26,894,333,37.25%,49
2216,27,850,321,37.76%,49
2217,28,992,370,37.30%,49
2218,29,910,388,42.64%,49
2219,30,911,363,39.85%,49
2220,31,674,249,36.94%,49
2221,32,887,291,32.81%,49
2222,33,681,244,35.83%,49
2227,1,699,259,37.05%,50
2228,2,477,150,31.45%,50
2229,3,645,244,37.83%,50
2230,4,801,254,31.71%,50
2231,5,573,185,32.29%,50
2232,6,818,270,33.01%,50
2233,7,717,312,43.51%,50
2234,8,708,194,27.40%,50
2235,9,669,199,29.75%,50
2236,10,909,187,20.57%,50
2237,11,567,212,37.39%,50
2238,12,288,124,43.06%,50
2239,13,979,186,19.00%,50
2240,14,221,77,34.84%,50
2241,15,733,307,41.88%,50
2242,16,241,95,39.42%,50
2243,17,876,169,19.29%,50
2244,18,152,100,65.79%,50
2245,19,632,124,19.62%,50
2246,20,764,223,29.19%,50
2247,21,641,201,31.36%,50
2248,22,790,184,23.29%,50
2249,23,626,128,20.45%,50
2250,24,739,237,32.07%,50
2251,25,787,233,29.61%,50
2252,26,922,185,20.07%,50
2253,27,199,73,36.68%,50
2254,28,879,196,22.30%,50
2255,29,803,129,16.06%,50
2256,30,628,156,24.84%,50
2257,31,1002,231,23.05%,50
2258,32,968,193,19.94%,50
2259,33,562,251,44.66%,50
2260,34,866,338,39.03%,50
2261,35,842,304,36.10%,50
2262,36,739,232,31.39%,50
2263,37,682,233,34.16%,50
2264,38,272,123,45.22%,50
2265,39,661,120,18.15%,50
2266,40,838,297,35.44%,50
