ward,precinct,zip
39.0,12.0,60630
39.0,39.0,60630
35.0,30.0,60630
35.0,9.0,60630
39.0,3.0,60630
39.0,4.0,60630
39.0,5.0,60630
39.0,9.0,60630
39.0,7.0,60630
39.0,8.0,60630
39.0,11.0,60630
39.0,19.0,60630
39.0,6.0,60630
39.0,25.0,60630
39.0,29.0,60630
39.0,31.0,60630
39.0,35.0,60630
39.0,37.0,60630
39.0,38.0,60630
39.0,14.0,60630
39.0,17.0,60630
39.0,41.0,60630
39.0,24.0,60630
39.0,43.0,60630
38.0,1.0,60630
38.0,11.0,60630
38.0,14.0,60630
38.0,15.0,60630
38.0,18.0,60630
38.0,19.0,60630
38.0,33.0,60630
38.0,21.0,60630
38.0,22.0,60630
38.0,25.0,60630
38.0,31.0,60630
38.0,36.0,60630
38.0,32.0,60630
41.0,26.0,60630
45.0,7.0,60630
45.0,45.0,60630
45.0,27.0,60630
45.0,36.0,60630
45.0,34.0,60630
45.0,41.0,60630
45.0,12.0,60630
45.0,24.0,60630
45.0,25.0,60630
45.0,15.0,60630
45.0,26.0,60630
45.0,23.0,60630
45.0,40.0,60630
45.0,37.0,60630
45.0,38.0,60630
45.0,31.0,60630
45.0,43.0,60630
45.0,35.0,60630
45.0,30.0,60630
45.0,33.0,60630
45.0,14.0,60630
45.0,32.0,60630
45.0,21.0,60630
45.0,22.0,60630
45.0,39.0,60630
45.0,18.0,60630
45.0,19.0,60630
45.0,17.0,60630
45.0,28.0,60630
45.0,20.0,60630
45.0,47.0,60630
45.0,46.0,60630
45.0,29.0,60630
45.0,16.0,60630
39.0,12.0,60625
39.0,39.0,60625
40.0,1.0,60625
40.0,5.0,60625
40.0,6.0,60625
40.0,14.0,60625
40.0,17.0,60625
40.0,19.0,60625
40.0,20.0,60625
40.0,21.0,60625
40.0,23.0,60625
40.0,24.0,60625
40.0,30.0,60625
40.0,32.0,60625
40.0,34.0,60625
40.0,3.0,60625
40.0,11.0,60625
40.0,8.0,60625
40.0,7.0,60625
40.0,12.0,60625
40.0,13.0,60625
40.0,16.0,60625
40.0,38.0,60625
33.0,1.0,60625
33.0,3.0,60625
33.0,8.0,60625
33.0,23.0,60625
33.0,15.0,60625
33.0,18.0,60625
33.0,20.0,60625
33.0,21.0,60625
33.0,24.0,60625
33.0,27.0,60625
33.0,7.0,60625
33.0,2.0,60625
35.0,20.0,60625
35.0,22.0,60625
35.0,29.0,60625
35.0,30.0,60625
39.0,30.0,60625
35.0,31.0,60625
35.0,9.0,60625
39.0,18.0,60625
39.0,8.0,60625
39.0,10.0,60625
39.0,16.0,60625
39.0,25.0,60625
39.0,28.0,60625
39.0,29.0,60625
39.0,31.0,60625
39.0,33.0,60625
39.0,35.0,60625
39.0,38.0,60625
39.0,2.0,60625
39.0,13.0,60625
39.0,22.0,60625
47.0,38.0,60625
47.0,10.0,60625
47.0,13.0,60625
47.0,14.0,60625
47.0,16.0,60625
47.0,20.0,60625
47.0,21.0,60625
47.0,22.0,60625
47.0,26.0,60625
47.0,28.0,60625
47.0,36.0,60625
47.0,40.0,60625
47.0,42.0,60625
47.0,45.0,60625
39.0,39.0,60659
40.0,2.0,60659
40.0,9.0,60659
40.0,10.0,60659
40.0,15.0,60659
40.0,18.0,60659
40.0,19.0,60659
40.0,24.0,60659
40.0,29.0,60659
40.0,30.0,60659
40.0,32.0,60659
40.0,34.0,60659
40.0,35.0,60659
40.0,4.0,60659
40.0,39.0,60659
50.0,30.0,60659
50.0,10.0,60659
50.0,13.0,60659
50.0,17.0,60659
50.0,19.0,60659
50.0,23.0,60659
50.0,26.0,60659
50.0,32.0,60659
50.0,25.0,60659
50.0,29.0,60659
50.0,28.0,60659
50.0,31.0,60659
50.0,22.0,60659
50.0,39.0,60659
50.0,24.0,60659
39.0,18.0,60659
39.0,16.0,60659
39.0,26.0,60659
39.0,35.0,60659
39.0,32.0,60659
39.0,2.0,60659
39.0,13.0,60659
39.0,22.0,60659
39.0,36.0,60659
39.0,39.0,60646
39.0,42.0,60646
39.0,4.0,60646
39.0,11.0,60646
39.0,15.0,60646
39.0,1.0,60646
39.0,40.0,60646
39.0,26.0,60646
39.0,35.0,60646
39.0,37.0,60646
39.0,2.0,60646
39.0,23.0,60646
39.0,45.0,60646
39.0,27.0,60646
39.0,20.0,60646
39.0,24.0,60646
39.0,43.0,60646
39.0,21.0,60646
39.0,44.0,60646
39.0,36.0,60646
41.0,6.0,60646
41.0,14.0,60646
41.0,19.0,60646
41.0,21.0,60646
41.0,35.0,60646
41.0,39.0,60646
41.0,47.0,60646
41.0,32.0,60646
41.0,26.0,60646
41.0,9.0,60646
45.0,41.0,60646
45.0,42.0,60646
45.0,40.0,60646
45.0,37.0,60646
45.0,43.0,60646
45.0,39.0,60646
45.0,44.0,60646
40.0,9.0,60660
40.0,18.0,60660
40.0,22.0,60660
40.0,27.0,60660
40.0,28.0,60660
40.0,32.0,60660
40.0,33.0,60660
40.0,36.0,60660
40.0,37.0,60660
40.0,35.0,60660
50.0,28.0,60660
48.0,30.0,60660
48.0,20.0,60660
48.0,1.0,60660
48.0,3.0,60660
48.0,5.0,60660
48.0,7.0,60660
48.0,8.0,60660
48.0,13.0,60660
48.0,14.0,60660
48.0,15.0,60660
48.0,16.0,60660
48.0,18.0,60660
48.0,19.0,60660
48.0,46.0,60660
48.0,26.0,60660
48.0,27.0,60660
48.0,31.0,60660
48.0,32.0,60660
48.0,33.0,60660
48.0,37.0,60660
48.0,38.0,60660
48.0,39.0,60660
48.0,42.0,60660
48.0,44.0,60660
48.0,43.0,60660
48.0,41.0,60660
48.0,40.0,60660
48.0,34.0,60660
48.0,25.0,60660
48.0,45.0,60660
48.0,22.0,60660
49.0,2.0,60660
49.0,7.0,60660
49.0,17.0,60660
46.0,28.0,60613
46.0,29.0,60613
44.0,11.0,60613
46.0,30.0,60613
44.0,16.0,60613
44.0,25.0,60613
44.0,26.0,60613
44.0,31.0,60613
44.0,32.0,60613
46.0,7.0,60613
44.0,36.0,60613
44.0,38.0,60613
44.0,30.0,60613
46.0,5.0,60613
46.0,8.0,60613
46.0,9.0,60613
46.0,10.0,60613
46.0,11.0,60613
46.0,12.0,60613
46.0,13.0,60613
46.0,15.0,60613
46.0,17.0,60613
46.0,18.0,60613
46.0,20.0,60613
46.0,24.0,60613
46.0,25.0,60613
46.0,26.0,60613
46.0,27.0,60613
46.0,31.0,60613
46.0,34.0,60613
46.0,35.0,60613
46.0,36.0,60613
46.0,38.0,60613
46.0,39.0,60613
46.0,19.0,60613
46.0,3.0,60613
47.0,6.0,60613
47.0,4.0,60613
47.0,5.0,60613
47.0,10.0,60613
47.0,12.0,60613
47.0,18.0,60613
47.0,24.0,60613
47.0,25.0,60613
47.0,27.0,60613
47.0,28.0,60613
47.0,29.0,60613
47.0,35.0,60613
47.0,37.0,60613
47.0,39.0,60613
47.0,41.0,60613
47.0,43.0,60613
47.0,44.0,60613
47.0,47.0,60613
47.0,33.0,60613
46.0,29.0,60640
40.0,22.0,60640
40.0,23.0,60640
40.0,31.0,60640
40.0,32.0,60640
40.0,33.0,60640
40.0,26.0,60640
40.0,13.0,60640
40.0,16.0,60640
40.0,25.0,60640
46.0,1.0,60640
46.0,4.0,60640
46.0,6.0,60640
46.0,8.0,60640
46.0,9.0,60640
46.0,11.0,60640
46.0,12.0,60640
46.0,16.0,60640
46.0,20.0,60640
46.0,22.0,60640
46.0,23.0,60640
46.0,25.0,60640
46.0,26.0,60640
46.0,27.0,60640
46.0,32.0,60640
46.0,37.0,60640
46.0,40.0,60640
46.0,21.0,60640
46.0,14.0,60640
46.0,2.0,60640
48.0,11.0,60640
48.0,28.0,60640
48.0,29.0,60640
47.0,38.0,60640
48.0,9.0,60640
47.0,30.0,60640
48.0,10.0,60640
47.0,15.0,60640
47.0,19.0,60640
47.0,23.0,60640
47.0,5.0,60640
47.0,10.0,60640
47.0,18.0,60640
47.0,22.0,60640
47.0,26.0,60640
47.0,31.0,60640
47.0,32.0,60640
47.0,34.0,60640
47.0,36.0,60640
47.0,37.0,60640
47.0,39.0,60640
47.0,41.0,60640
48.0,1.0,60640
48.0,2.0,60640
48.0,3.0,60640
48.0,4.0,60640
48.0,5.0,60640
48.0,6.0,60640
48.0,7.0,60640
48.0,12.0,60640
48.0,14.0,60640
48.0,17.0,60640
48.0,19.0,60640
48.0,21.0,60640
48.0,23.0,60640
48.0,24.0,60640
48.0,35.0,60640
48.0,36.0,60640
48.0,39.0,60640
48.0,44.0,60640
48.0,43.0,60640
48.0,41.0,60640
40.0,28.0,60626
40.0,37.0,60626
40.0,35.0,60626
50.0,13.0,60626
50.0,28.0,60626
50.0,35.0,60626
48.0,20.0,60626
48.0,15.0,60626
48.0,46.0,60626
48.0,27.0,60626
48.0,34.0,60626
48.0,45.0,60626
49.0,2.0,60626
49.0,12.0,60626
49.0,18.0,60626
49.0,1.0,60626
49.0,3.0,60626
49.0,4.0,60626
49.0,5.0,60626
49.0,6.0,60626
49.0,7.0,60626
49.0,9.0,60626
49.0,10.0,60626
49.0,11.0,60626
49.0,13.0,60626
49.0,14.0,60626
49.0,15.0,60626
49.0,16.0,60626
49.0,17.0,60626
49.0,19.0,60626
49.0,22.0,60626
49.0,23.0,60626
49.0,25.0,60626
49.0,27.0,60626
49.0,29.0,60626
49.0,31.0,60626
49.0,30.0,60626
49.0,26.0,60626
49.0,28.0,60626
49.0,20.0,60626
49.0,32.0,60626
49.0,33.0,60626
44.0,11.0,60657
46.0,30.0,60657
44.0,12.0,60657
44.0,6.0,60657
44.0,23.0,60657
44.0,24.0,60657
44.0,1.0,60657
44.0,7.0,60657
44.0,8.0,60657
44.0,9.0,60657
44.0,10.0,60657
44.0,3.0,60657
44.0,4.0,60657
44.0,5.0,60657
44.0,14.0,60657
44.0,15.0,60657
44.0,16.0,60657
44.0,17.0,60657
44.0,19.0,60657
44.0,20.0,60657
44.0,21.0,60657
44.0,22.0,60657
44.0,35.0,60657
44.0,26.0,60657
44.0,27.0,60657
44.0,29.0,60657
44.0,31.0,60657
44.0,32.0,60657
44.0,33.0,60657
44.0,36.0,60657
44.0,37.0,60657
44.0,38.0,60657
44.0,39.0,60657
44.0,40.0,60657
44.0,41.0,60657
44.0,34.0,60657
44.0,30.0,60657
44.0,28.0,60657
44.0,18.0,60657
44.0,13.0,60657
44.0,2.0,60657
46.0,31.0,60657
46.0,33.0,60657
46.0,36.0,60657
46.0,39.0,60657
46.0,19.0,60657
1.0,28.0,60657
43.0,46.0,60657
32.0,7.0,60657
32.0,8.0,60657
32.0,10.0,60657
32.0,15.0,60657
32.0,18.0,60657
32.0,21.0,60657
32.0,23.0,60657
32.0,24.0,60657
32.0,27.0,60657
32.0,30.0,60657
32.0,40.0,60657
32.0,41.0,60657
32.0,42.0,60657
32.0,38.0,60657
43.0,13.0,60657
43.0,2.0,60657
43.0,6.0,60657
43.0,18.0,60657
43.0,22.0,60657
43.0,31.0,60657
43.0,32.0,60657
43.0,42.0,60657
47.0,1.0,60657
47.0,6.0,60657
47.0,9.0,60657
47.0,11.0,60657
47.0,27.0,60657
47.0,47.0,60657
42.0,3.0,60607
42.0,9.0,60607
42.0,21.0,60607
42.0,16.0,60607
42.0,36.0,60607
11.0,2.0,60607
11.0,7.0,60607
11.0,3.0,60607
11.0,33.0,60607
11.0,38.0,60607
28.0,4.0,60607
28.0,5.0,60607
28.0,6.0,60607
28.0,8.0,60607
28.0,10.0,60607
28.0,27.0,60607
28.0,28.0,60607
25.0,3.0,60607
25.0,4.0,60607
25.0,10.0,60607
25.0,27.0,60607
25.0,20.0,60607
25.0,21.0,60607
25.0,31.0,60607
25.0,16.0,60607
25.0,25.0,60607
27.0,27.0,60607
27.0,33.0,60607
27.0,2.0,60607
27.0,45.0,60607
27.0,16.0,60607
27.0,11.0,60607
27.0,10.0,60607
27.0,1.0,60607
28.0,45.0,60607
28.0,18.0,60607
42.0,3.0,60661
42.0,18.0,60661
42.0,12.0,60661
42.0,21.0,60661
42.0,16.0,60661
42.0,36.0,60661
42.0,41.0,60661
25.0,3.0,60661
25.0,27.0,60661
27.0,45.0,60661
27.0,11.0,60661
42.0,1.0,60611
42.0,2.0,60611
42.0,19.0,60611
42.0,11.0,60611
42.0,22.0,60611
42.0,24.0,60611
42.0,27.0,60611
42.0,31.0,60611
42.0,35.0,60611
42.0,34.0,60611
42.0,29.0,60611
42.0,26.0,60611
42.0,25.0,60611
42.0,23.0,60611
42.0,20.0,60611
42.0,8.0,60611
42.0,7.0,60611
42.0,4.0,60611
42.0,10.0,60611
42.0,39.0,60611
42.0,40.0,60611
42.0,42.0,60611
2.0,13.0,60611
2.0,10.0,60611
2.0,11.0,60611
2.0,2.0,60611
2.0,18.0,60611
2.0,19.0,60611
2.0,29.0,60611
2.0,23.0,60611
2.0,27.0,60611
2.0,34.0,60611
2.0,40.0,60611
2.0,42.0,60611
2.0,43.0,60611
2.0,45.0,60611
42.0,1.0,60610
42.0,15.0,60610
42.0,19.0,60610
42.0,24.0,60610
42.0,5.0,60610
2.0,32.0,60610
2.0,9.0,60610
2.0,12.0,60610
2.0,28.0,60610
2.0,20.0,60610
2.0,29.0,60610
2.0,30.0,60610
2.0,23.0,60610
2.0,27.0,60610
2.0,31.0,60610
2.0,33.0,60610
2.0,34.0,60610
2.0,36.0,60610
2.0,37.0,60610
2.0,38.0,60610
2.0,39.0,60610
2.0,40.0,60610
2.0,41.0,60610
2.0,42.0,60610
2.0,43.0,60610
2.0,45.0,60610
2.0,46.0,60610
2.0,35.0,60610
43.0,45.0,60610
27.0,28.0,60610
27.0,42.0,60610
27.0,12.0,60610
27.0,38.0,60610
27.0,9.0,60610
27.0,11.0,60610
27.0,6.0,60610
27.0,37.0,60610
27.0,35.0,60610
27.0,21.0,60610
27.0,20.0,60610
27.0,46.0,60610
27.0,47.0,60610
27.0,48.0,60610
43.0,1.0,60610
43.0,4.0,60610
43.0,28.0,60610
43.0,32.0,60610
43.0,33.0,60610
43.0,35.0,60610
43.0,38.0,60610
43.0,43.0,60610
42.0,6.0,60602
42.0,9.0,60602
42.0,13.0,60602
42.0,33.0,60602
42.0,30.0,60602
42.0,10.0,60602
42.0,42.0,60602
42.0,6.0,60601
42.0,9.0,60601
42.0,13.0,60601
42.0,31.0,60601
42.0,33.0,60601
42.0,32.0,60601
42.0,30.0,60601
42.0,29.0,60601
42.0,28.0,60601
42.0,25.0,60601
42.0,10.0,60601
42.0,40.0,60601
42.0,42.0,60601
42.0,9.0,60605
42.0,33.0,60605
3.0,19.0,60605
3.0,22.0,60605
3.0,21.0,60605
3.0,26.0,60605
3.0,32.0,60605
3.0,33.0,60605
3.0,34.0,60605
3.0,39.0,60605
3.0,6.0,60605
3.0,14.0,60605
3.0,25.0,60605
3.0,13.0,60605
4.0,13.0,60605
4.0,2.0,60605
4.0,16.0,60605
4.0,21.0,60605
4.0,25.0,60605
4.0,17.0,60605
4.0,20.0,60605
4.0,37.0,60605
25.0,27.0,60605
25.0,21.0,60605
42.0,9.0,60604
42.0,33.0,60604
4.0,13.0,60604
4.0,21.0,60604
25.0,27.0,60604
42.0,9.0,60603
42.0,33.0,60603
42.0,42.0,60603
42.0,9.0,60606
42.0,14.0,60606
42.0,18.0,60606
42.0,12.0,60606
42.0,32.0,60606
42.0,17.0,60606
42.0,16.0,60606
42.0,41.0,60606
25.0,27.0,60606
42.0,9.0,60654
42.0,14.0,60654
42.0,15.0,60654
42.0,18.0,60654
42.0,12.0,60654
42.0,22.0,60654
42.0,27.0,60654
42.0,32.0,60654
42.0,25.0,60654
42.0,23.0,60654
42.0,20.0,60654
42.0,17.0,60654
42.0,5.0,60654
42.0,36.0,60654
42.0,37.0,60654
42.0,10.0,60654
42.0,38.0,60654
42.0,39.0,60654
2.0,40.0,60654
2.0,41.0,60654
2.0,45.0,60654
27.0,28.0,60654
27.0,11.0,60654
27.0,35.0,60654
27.0,21.0,60654
27.0,1.0,60654
27.0,48.0,60654
44.0,24.0,60614
44.0,7.0,60614
44.0,29.0,60614
44.0,40.0,60614
44.0,41.0,60614
44.0,18.0,60614
43.0,30.0,60614
43.0,26.0,60614
1.0,28.0,60614
2.0,9.0,60614
2.0,12.0,60614
2.0,20.0,60614
2.0,22.0,60614
2.0,24.0,60614
2.0,26.0,60614
2.0,31.0,60614
2.0,33.0,60614
2.0,37.0,60614
2.0,44.0,60614
2.0,46.0,60614
43.0,45.0,60614
43.0,46.0,60614
27.0,42.0,60614
27.0,12.0,60614
27.0,37.0,60614
27.0,35.0,60614
32.0,8.0,60614
32.0,13.0,60614
32.0,18.0,60614
32.0,24.0,60614
32.0,27.0,60614
32.0,39.0,60614
32.0,30.0,60614
32.0,31.0,60614
32.0,33.0,60614
32.0,34.0,60614
32.0,37.0,60614
43.0,11.0,60614
43.0,12.0,60614
43.0,13.0,60614
43.0,14.0,60614
43.0,15.0,60614
43.0,10.0,60614
43.0,1.0,60614
43.0,2.0,60614
43.0,3.0,60614
43.0,44.0,60614
43.0,4.0,60614
43.0,5.0,60614
43.0,6.0,60614
43.0,7.0,60614
43.0,8.0,60614
43.0,9.0,60614
43.0,16.0,60614
43.0,17.0,60614
43.0,18.0,60614
43.0,19.0,60614
43.0,20.0,60614
43.0,21.0,60614
43.0,22.0,60614
43.0,37.0,60614
43.0,23.0,60614
43.0,24.0,60614
43.0,25.0,60614
43.0,27.0,60614
43.0,29.0,60614
43.0,31.0,60614
43.0,32.0,60614
43.0,34.0,60614
43.0,36.0,60614
43.0,38.0,60614
43.0,39.0,60614
43.0,40.0,60614
43.0,41.0,60614
43.0,42.0,60614
50.0,30.0,60645
50.0,8.0,60645
50.0,1.0,60645
50.0,2.0,60645
50.0,4.0,60645
50.0,5.0,60645
50.0,7.0,60645
50.0,9.0,60645
50.0,10.0,60645
50.0,11.0,60645
50.0,12.0,60645
50.0,13.0,60645
50.0,14.0,60645
50.0,15.0,60645
50.0,16.0,60645
50.0,17.0,60645
50.0,6.0,60645
50.0,19.0,60645
50.0,20.0,60645
50.0,21.0,60645
50.0,26.0,60645
50.0,32.0,60645
50.0,29.0,60645
50.0,27.0,60645
50.0,28.0,60645
50.0,18.0,60645
50.0,31.0,60645
50.0,22.0,60645
50.0,35.0,60645
50.0,36.0,60645
50.0,37.0,60645
50.0,38.0,60645
50.0,39.0,60645
50.0,40.0,60645
50.0,33.0,60645
50.0,34.0,60645
50.0,3.0,60645
49.0,8.0,60645
49.0,10.0,60645
49.0,13.0,60645
49.0,15.0,60645
49.0,19.0,60645
49.0,21.0,60645
49.0,24.0,60645
49.0,33.0,60645
5.0,19.0,60637
3.0,8.0,60637
3.0,16.0,60637
4.0,1.0,60637
4.0,3.0,60637
5.0,21.0,60637
5.0,2.0,60637
5.0,3.0,60637
5.0,5.0,60637
5.0,8.0,60637
5.0,10.0,60637
5.0,11.0,60637
5.0,12.0,60637
5.0,13.0,60637
6.0,4.0,60637
5.0,15.0,60637
5.0,16.0,60637
5.0,18.0,60637
5.0,27.0,60637
5.0,33.0,60637
5.0,35.0,60637
5.0,37.0,60637
5.0,39.0,60637
5.0,34.0,60637
5.0,30.0,60637
5.0,25.0,60637
5.0,24.0,60637
5.0,23.0,60637
5.0,41.0,60637
6.0,7.0,60637
6.0,11.0,60637
6.0,30.0,60637
6.0,32.0,60637
6.0,48.0,60637
6.0,9.0,60637
8.0,1.0,60637
8.0,2.0,60637
20.0,8.0,60637
20.0,1.0,60637
20.0,3.0,60637
20.0,5.0,60637
20.0,7.0,60637
20.0,9.0,60637
20.0,10.0,60637
20.0,11.0,60637
20.0,12.0,60637
20.0,14.0,60637
20.0,16.0,60637
20.0,18.0,60637
20.0,22.0,60637
20.0,23.0,60637
20.0,24.0,60637
20.0,26.0,60637
20.0,28.0,60637
20.0,31.0,60637
20.0,34.0,60637
20.0,35.0,60637
20.0,33.0,60637
20.0,19.0,60637
20.0,37.0,60637
5.0,19.0,60615
3.0,1.0,60615
3.0,4.0,60615
3.0,8.0,60615
3.0,11.0,60615
3.0,16.0,60615
3.0,30.0,60615
3.0,31.0,60615
3.0,37.0,60615
4.0,1.0,60615
4.0,3.0,60615
4.0,8.0,60615
4.0,9.0,60615
4.0,12.0,60615
4.0,15.0,60615
4.0,22.0,60615
4.0,23.0,60615
4.0,24.0,60615
4.0,26.0,60615
5.0,7.0,60615
4.0,31.0,60615
4.0,27.0,60615
4.0,33.0,60615
5.0,9.0,60615
5.0,4.0,60615
5.0,20.0,60615
5.0,21.0,60615
5.0,22.0,60615
5.0,3.0,60615
5.0,8.0,60615
5.0,11.0,60615
5.0,15.0,60615
5.0,18.0,60615
5.0,27.0,60615
5.0,35.0,60615
5.0,37.0,60615
5.0,39.0,60615
5.0,24.0,60615
5.0,23.0,60615
20.0,14.0,60615
20.0,31.0,60615
4.0,10.0,60615
3.0,17.0,60616
3.0,18.0,60616
3.0,19.0,60616
3.0,22.0,60616
3.0,21.0,60616
3.0,27.0,60616
3.0,34.0,60616
3.0,35.0,60616
3.0,3.0,60616
3.0,6.0,60616
3.0,7.0,60616
3.0,14.0,60616
3.0,23.0,60616
3.0,29.0,60616
3.0,41.0,60616
3.0,13.0,60616
3.0,40.0,60616
4.0,25.0,60616
4.0,6.0,60616
4.0,14.0,60616
4.0,11.0,60616
4.0,35.0,60616
4.0,36.0,60616
4.0,38.0,60616
11.0,18.0,60616
11.0,4.0,60616
11.0,5.0,60616
11.0,14.0,60616
11.0,19.0,60616
11.0,21.0,60616
11.0,22.0,60616
11.0,27.0,60616
11.0,20.0,60616
11.0,32.0,60616
11.0,30.0,60616
11.0,29.0,60616
11.0,26.0,60616
11.0,23.0,60616
11.0,16.0,60616
11.0,15.0,60616
11.0,10.0,60616
11.0,3.0,60616
11.0,33.0,60616
11.0,34.0,60616
11.0,35.0,60616
11.0,38.0,60616
11.0,37.0,60616
11.0,36.0,60616
25.0,27.0,60616
25.0,6.0,60616
25.0,14.0,60616
25.0,18.0,60616
25.0,23.0,60616
4.0,28.0,60616
3.0,35.0,60653
3.0,1.0,60653
3.0,2.0,60653
3.0,4.0,60653
3.0,7.0,60653
3.0,9.0,60653
3.0,11.0,60653
3.0,12.0,60653
3.0,15.0,60653
3.0,20.0,60653
3.0,23.0,60653
3.0,24.0,60653
3.0,29.0,60653
3.0,30.0,60653
3.0,38.0,60653
3.0,41.0,60653
4.0,4.0,60653
4.0,11.0,60653
4.0,5.0,60653
4.0,7.0,60653
4.0,9.0,60653
4.0,12.0,60653
4.0,15.0,60653
4.0,18.0,60653
4.0,19.0,60653
4.0,22.0,60653
4.0,24.0,60653
4.0,32.0,60653
4.0,30.0,60653
4.0,29.0,60653
4.0,26.0,60653
4.0,31.0,60653
4.0,34.0,60653
4.0,35.0,60653
4.0,36.0,60653
4.0,10.0,60653
3.0,1.0,60609
3.0,5.0,60609
3.0,10.0,60609
3.0,16.0,60609
3.0,23.0,60609
3.0,24.0,60609
3.0,29.0,60609
3.0,36.0,60609
3.0,41.0,60609
3.0,28.0,60609
11.0,11.0,60609
11.0,12.0,60609
11.0,19.0,60609
11.0,21.0,60609
11.0,24.0,60609
11.0,25.0,60609
11.0,28.0,60609
11.0,32.0,60609
11.0,31.0,60609
11.0,29.0,60609
11.0,26.0,60609
11.0,23.0,60609
11.0,17.0,60609
11.0,13.0,60609
12.0,5.0,60609
12.0,9.0,60609
12.0,1.0,60609
12.0,3.0,60609
12.0,4.0,60609
12.0,23.0,60609
12.0,6.0,60609
12.0,8.0,60609
12.0,19.0,60609
12.0,21.0,60609
12.0,17.0,60609
14.0,17.0,60609
14.0,25.0,60609
15.0,1.0,60609
15.0,4.0,60609
15.0,5.0,60609
15.0,8.0,60609
15.0,9.0,60609
15.0,3.0,60609
15.0,23.0,60609
15.0,19.0,60609
15.0,15.0,60609
15.0,14.0,60609
15.0,13.0,60609
16.0,2.0,60609
16.0,7.0,60609
16.0,8.0,60609
16.0,10.0,60609
16.0,12.0,60609
16.0,15.0,60609
16.0,20.0,60609
20.0,2.0,60609
20.0,4.0,60609
20.0,6.0,60609
20.0,17.0,60609
20.0,20.0,60609
20.0,21.0,60609
20.0,25.0,60609
20.0,15.0,60609
20.0,32.0,60609
20.0,39.0,60609
20.0,38.0,60609
5.0,28.0,60649
8.0,53.0,60649
5.0,1.0,60649
5.0,5.0,60649
5.0,6.0,60649
5.0,10.0,60649
5.0,12.0,60649
5.0,14.0,60649
5.0,17.0,60649
5.0,26.0,60649
5.0,29.0,60649
5.0,31.0,60649
5.0,32.0,60649
5.0,33.0,60649
5.0,36.0,60649
5.0,38.0,60649
5.0,25.0,60649
5.0,40.0,60649
7.0,3.0,60649
7.0,1.0,60649
7.0,2.0,60649
7.0,17.0,60649
7.0,20.0,60649
7.0,4.0,60649
7.0,13.0,60649
7.0,10.0,60649
7.0,11.0,60649
7.0,16.0,60649
7.0,21.0,60649
7.0,19.0,60649
7.0,18.0,60649
7.0,7.0,60649
7.0,12.0,60649
7.0,14.0,60649
7.0,22.0,60649
7.0,5.0,60649
7.0,6.0,60649
7.0,8.0,60649
7.0,15.0,60649
8.0,2.0,60649
8.0,21.0,60649
8.0,11.0,60649
8.0,13.0,60649
8.0,9.0,60649
8.0,20.0,60649
8.0,28.0,60649
8.0,36.0,60649
8.0,42.0,60649
20.0,22.0,60649
7.0,9.0,60649
8.0,53.0,60617
7.0,44.0,60617
5.0,12.0,60617
7.0,30.0,60617
7.0,33.0,60617
7.0,29.0,60617
7.0,17.0,60617
7.0,31.0,60617
7.0,20.0,60617
7.0,34.0,60617
7.0,35.0,60617
7.0,16.0,60617
7.0,21.0,60617
7.0,19.0,60617
7.0,18.0,60617
7.0,28.0,60617
7.0,40.0,60617
7.0,27.0,60617
7.0,23.0,60617
7.0,32.0,60617
7.0,22.0,60617
7.0,25.0,60617
7.0,39.0,60617
7.0,42.0,60617
7.0,38.0,60617
7.0,37.0,60617
7.0,24.0,60617
7.0,43.0,60617
7.0,15.0,60617
7.0,26.0,60617
7.0,36.0,60617
7.0,45.0,60617
7.0,41.0,60617
7.0,46.0,60617
8.0,3.0,60617
8.0,4.0,60617
8.0,5.0,60617
8.0,6.0,60617
8.0,7.0,60617
8.0,8.0,60617
10.0,12.0,60617
8.0,11.0,60617
8.0,12.0,60617
8.0,13.0,60617
8.0,17.0,60617
8.0,19.0,60617
8.0,9.0,60617
8.0,24.0,60617
8.0,27.0,60617
10.0,13.0,60617
8.0,30.0,60617
8.0,32.0,60617
8.0,34.0,60617
8.0,36.0,60617
8.0,46.0,60617
8.0,49.0,60617
8.0,50.0,60617
8.0,51.0,60617
8.0,52.0,60617
8.0,37.0,60617
8.0,56.0,60617
10.0,6.0,60617
10.0,8.0,60617
10.0,30.0,60617
10.0,15.0,60617
10.0,1.0,60617
10.0,4.0,60617
10.0,32.0,60617
10.0,7.0,60617
10.0,10.0,60617
10.0,11.0,60617
10.0,14.0,60617
10.0,18.0,60617
10.0,19.0,60617
10.0,20.0,60617
10.0,24.0,60617
10.0,25.0,60617
10.0,31.0,60617
10.0,26.0,60617
10.0,27.0,60617
10.0,28.0,60617
10.0,29.0,60617
10.0,33.0,60617
10.0,35.0,60617
10.0,34.0,60617
10.0,22.0,60617
10.0,21.0,60617
10.0,23.0,60617
10.0,36.0,60617
3.0,16.0,60621
3.0,36.0,60621
6.0,27.0,60621
6.0,4.0,60621
6.0,5.0,60621
6.0,6.0,60621
6.0,11.0,60621
6.0,12.0,60621
6.0,15.0,60621
6.0,16.0,60621
6.0,18.0,60621
6.0,19.0,60621
6.0,32.0,60621
6.0,47.0,60621
6.0,28.0,60621
6.0,26.0,60621
6.0,25.0,60621
6.0,24.0,60621
6.0,23.0,60621
6.0,22.0,60621
6.0,21.0,60621
6.0,20.0,60621
6.0,17.0,60621
6.0,10.0,60621
6.0,9.0,60621
16.0,9.0,60621
16.0,14.0,60621
16.0,15.0,60621
16.0,25.0,60621
16.0,26.0,60621
16.0,27.0,60621
16.0,36.0,60621
16.0,28.0,60621
16.0,30.0,60621
17.0,5.0,60621
17.0,9.0,60621
17.0,13.0,60621
17.0,22.0,60621
17.0,28.0,60621
17.0,29.0,60621
20.0,6.0,60621
20.0,12.0,60621
20.0,13.0,60621
20.0,23.0,60621
20.0,28.0,60621
20.0,31.0,60621
20.0,35.0,60621
20.0,27.0,60621
20.0,32.0,60621
20.0,30.0,60621
20.0,29.0,60621
20.0,36.0,60621
20.0,37.0,60621
20.0,39.0,60621
6.0,1.0,60619
5.0,2.0,60619
5.0,10.0,60619
6.0,3.0,60619
5.0,12.0,60619
5.0,30.0,60619
6.0,6.0,60619
6.0,7.0,60619
6.0,8.0,60619
6.0,11.0,60619
6.0,13.0,60619
6.0,14.0,60619
6.0,16.0,60619
6.0,29.0,60619
6.0,30.0,60619
6.0,31.0,60619
6.0,32.0,60619
6.0,33.0,60619
6.0,34.0,60619
6.0,35.0,60619
6.0,37.0,60619
6.0,39.0,60619
6.0,41.0,60619
6.0,43.0,60619
6.0,44.0,60619
6.0,45.0,60619
6.0,48.0,60619
6.0,47.0,60619
6.0,46.0,60619
6.0,42.0,60619
6.0,40.0,60619
6.0,38.0,60619
6.0,36.0,60619
6.0,2.0,60619
7.0,1.0,60619
8.0,18.0,60619
8.0,1.0,60619
8.0,2.0,60619
8.0,15.0,60619
8.0,16.0,60619
8.0,3.0,60619
8.0,6.0,60619
8.0,8.0,60619
8.0,10.0,60619
8.0,11.0,60619
8.0,12.0,60619
8.0,14.0,60619
8.0,27.0,60619
8.0,29.0,60619
8.0,30.0,60619
8.0,31.0,60619
8.0,33.0,60619
8.0,34.0,60619
8.0,35.0,60619
8.0,38.0,60619
8.0,40.0,60619
8.0,43.0,60619
8.0,51.0,60619
8.0,52.0,60619
8.0,37.0,60619
8.0,48.0,60619
8.0,45.0,60619
8.0,44.0,60619
8.0,23.0,60619
8.0,56.0,60619
8.0,26.0,60619
8.0,25.0,60619
8.0,22.0,60619
8.0,54.0,60619
8.0,55.0,60619
8.0,41.0,60619
9.0,12.0,60619
9.0,23.0,60619
9.0,24.0,60619
9.0,25.0,60619
9.0,48.0,60619
9.0,49.0,60619
9.0,50.0,60619
9.0,42.0,60619
9.0,36.0,60619
9.0,47.0,60619
21.0,31.0,60619
21.0,44.0,60619
21.0,45.0,60619
6.0,8.0,60620
6.0,16.0,60620
6.0,19.0,60620
6.0,29.0,60620
6.0,37.0,60620
6.0,41.0,60620
6.0,20.0,60620
6.0,17.0,60620
17.0,2.0,60620
17.0,4.0,60620
17.0,5.0,60620
17.0,9.0,60620
17.0,10.0,60620
17.0,15.0,60620
17.0,21.0,60620
17.0,22.0,60620
17.0,24.0,60620
17.0,26.0,60620
17.0,27.0,60620
17.0,28.0,60620
17.0,29.0,60620
17.0,37.0,60620
17.0,38.0,60620
17.0,39.0,60620
17.0,40.0,60620
17.0,41.0,60620
17.0,20.0,60620
17.0,18.0,60620
18.0,12.0,60620
18.0,14.0,60620
18.0,18.0,60620
18.0,19.0,60620
18.0,20.0,60620
19.0,13.0,60620
18.0,26.0,60620
18.0,32.0,60620
18.0,33.0,60620
18.0,34.0,60620
18.0,38.0,60620
18.0,41.0,60620
19.0,2.0,60620
19.0,5.0,60620
19.0,10.0,60620
19.0,18.0,60620
19.0,56.0,60620
21.0,12.0,60620
9.0,49.0,60620
9.0,50.0,60620
9.0,42.0,60620
21.0,29.0,60620
21.0,1.0,60620
21.0,2.0,60620
21.0,7.0,60620
21.0,9.0,60620
21.0,13.0,60620
21.0,16.0,60620
21.0,3.0,60620
21.0,4.0,60620
21.0,5.0,60620
21.0,6.0,60620
21.0,8.0,60620
21.0,10.0,60620
21.0,11.0,60620
21.0,14.0,60620
21.0,15.0,60620
21.0,17.0,60620
21.0,18.0,60620
21.0,19.0,60620
21.0,21.0,60620
21.0,22.0,60620
21.0,23.0,60620
21.0,24.0,60620
21.0,25.0,60620
21.0,26.0,60620
21.0,27.0,60620
21.0,28.0,60620
21.0,30.0,60620
21.0,31.0,60620
21.0,32.0,60620
21.0,33.0,60620
21.0,34.0,60620
21.0,49.0,60620
21.0,35.0,60620
21.0,36.0,60620
21.0,37.0,60620
21.0,38.0,60620
21.0,39.0,60620
21.0,41.0,60620
21.0,42.0,60620
21.0,43.0,60620
21.0,44.0,60620
21.0,45.0,60620
21.0,46.0,60620
21.0,47.0,60620
21.0,48.0,60620
21.0,40.0,60620
21.0,50.0,60620
21.0,51.0,60620
21.0,52.0,60620
21.0,53.0,60620
21.0,54.0,60620
21.0,20.0,60620
6.0,23.0,60636
6.0,22.0,60636
6.0,21.0,60636
15.0,2.0,60636
15.0,24.0,60636
15.0,3.0,60636
15.0,7.0,60636
15.0,17.0,60636
15.0,18.0,60636
15.0,20.0,60636
15.0,23.0,60636
15.0,22.0,60636
15.0,21.0,60636
15.0,16.0,60636
16.0,3.0,60636
16.0,4.0,60636
16.0,6.0,60636
16.0,16.0,60636
16.0,19.0,60636
16.0,21.0,60636
16.0,22.0,60636
16.0,24.0,60636
16.0,2.0,60636
16.0,5.0,60636
16.0,9.0,60636
16.0,10.0,60636
16.0,11.0,60636
16.0,14.0,60636
16.0,15.0,60636
16.0,20.0,60636
16.0,26.0,60636
16.0,31.0,60636
16.0,34.0,60636
16.0,29.0,60636
16.0,30.0,60636
16.0,33.0,60636
17.0,3.0,60636
17.0,5.0,60636
17.0,8.0,60636
17.0,11.0,60636
17.0,13.0,60636
17.0,19.0,60636
17.0,22.0,60636
17.0,23.0,60636
17.0,26.0,60636
17.0,29.0,60636
17.0,31.0,60636
17.0,32.0,60636
17.0,33.0,60636
17.0,34.0,60636
17.0,35.0,60636
17.0,36.0,60636
17.0,37.0,60636
17.0,40.0,60636
18.0,5.0,60636
18.0,33.0,60636
7.0,38.0,60628
8.0,15.0,60628
8.0,12.0,60628
8.0,27.0,60628
10.0,13.0,60628
8.0,32.0,60628
8.0,33.0,60628
8.0,34.0,60628
8.0,39.0,60628
8.0,47.0,60628
8.0,22.0,60628
9.0,24.0,60628
9.0,6.0,60628
9.0,51.0,60628
9.0,42.0,60628
9.0,1.0,60628
9.0,2.0,60628
9.0,3.0,60628
9.0,4.0,60628
9.0,5.0,60628
9.0,7.0,60628
9.0,8.0,60628
9.0,9.0,60628
9.0,10.0,60628
9.0,11.0,60628
9.0,13.0,60628
9.0,35.0,60628
9.0,16.0,60628
9.0,17.0,60628
9.0,18.0,60628
9.0,19.0,60628
9.0,20.0,60628
9.0,21.0,60628
9.0,22.0,60628
9.0,26.0,60628
9.0,27.0,60628
9.0,28.0,60628
9.0,29.0,60628
9.0,30.0,60628
9.0,31.0,60628
9.0,32.0,60628
9.0,33.0,60628
9.0,34.0,60628
9.0,14.0,60628
9.0,45.0,60628
9.0,36.0,60628
9.0,37.0,60628
9.0,38.0,60628
9.0,44.0,60628
9.0,39.0,60628
9.0,40.0,60628
9.0,41.0,60628
9.0,43.0,60628
9.0,46.0,60628
9.0,47.0,60628
21.0,5.0,60628
21.0,23.0,60628
21.0,25.0,60628
21.0,27.0,60628
21.0,35.0,60628
21.0,38.0,60628
21.0,39.0,60628
21.0,41.0,60628
21.0,45.0,60628
34.0,4.0,60628
34.0,46.0,60628
34.0,2.0,60628
34.0,3.0,60628
34.0,6.0,60628
34.0,14.0,60628
34.0,9.0,60628
34.0,11.0,60628
34.0,12.0,60628
34.0,16.0,60628
34.0,18.0,60628
34.0,20.0,60628
34.0,22.0,60628
34.0,23.0,60628
34.0,24.0,60628
34.0,26.0,60628
34.0,27.0,60628
34.0,28.0,60628
34.0,30.0,60628
34.0,31.0,60628
34.0,33.0,60628
34.0,34.0,60628
34.0,50.0,60628
34.0,36.0,60628
34.0,37.0,60628
34.0,38.0,60628
34.0,39.0,60628
34.0,41.0,60628
34.0,42.0,60628
34.0,43.0,60628
34.0,53.0,60628
34.0,45.0,60628
34.0,15.0,60628
10.0,13.0,60827
10.0,16.0,60827
9.0,3.0,60827
9.0,15.0,60827
9.0,26.0,60827
9.0,33.0,60827
10.0,13.0,60633
10.0,2.0,60633
10.0,3.0,60633
10.0,5.0,60633
10.0,9.0,60633
10.0,16.0,60633
10.0,17.0,60633
10.0,24.0,60633
9.0,15.0,60633
11.0,9.0,60608
11.0,11.0,60608
11.0,1.0,60608
11.0,4.0,60608
11.0,5.0,60608
11.0,8.0,60608
11.0,19.0,60608
11.0,22.0,60608
11.0,25.0,60608
11.0,26.0,60608
11.0,17.0,60608
11.0,16.0,60608
11.0,15.0,60608
11.0,10.0,60608
11.0,6.0,60608
11.0,7.0,60608
11.0,3.0,60608
12.0,5.0,60608
11.0,33.0,60608
12.0,9.0,60608
12.0,1.0,60608
12.0,3.0,60608
12.0,4.0,60608
12.0,23.0,60608
12.0,2.0,60608
12.0,6.0,60608
12.0,7.0,60608
12.0,8.0,60608
12.0,15.0,60608
12.0,18.0,60608
12.0,10.0,60608
28.0,5.0,60608
28.0,10.0,60608
28.0,11.0,60608
28.0,19.0,60608
24.0,14.0,60608
24.0,16.0,60608
24.0,7.0,60608
25.0,4.0,60608
25.0,8.0,60608
25.0,20.0,60608
25.0,26.0,60608
25.0,15.0,60608
25.0,9.0,60608
25.0,32.0,60608
25.0,1.0,60608
25.0,2.0,60608
25.0,5.0,60608
25.0,7.0,60608
25.0,11.0,60608
25.0,12.0,60608
25.0,13.0,60608
25.0,17.0,60608
25.0,19.0,60608
25.0,22.0,60608
25.0,23.0,60608
25.0,24.0,60608
25.0,28.0,60608
25.0,29.0,60608
25.0,30.0,60608
27.0,10.0,60608
28.0,34.0,60608
28.0,18.0,60608
13.0,29.0,60629
13.0,15.0,60629
13.0,16.0,60629
13.0,7.0,60629
13.0,3.0,60629
13.0,5.0,60629
13.0,28.0,60629
13.0,9.0,60629
13.0,12.0,60629
13.0,13.0,60629
13.0,14.0,60629
13.0,19.0,60629
13.0,23.0,60629
13.0,24.0,60629
13.0,25.0,60629
13.0,30.0,60629
13.0,34.0,60629
13.0,35.0,60629
13.0,36.0,60629
13.0,37.0,60629
13.0,39.0,60629
13.0,40.0,60629
13.0,41.0,60629
13.0,44.0,60629
13.0,46.0,60629
13.0,47.0,60629
14.0,3.0,60629
14.0,5.0,60629
14.0,14.0,60629
14.0,15.0,60629
14.0,21.0,60629
14.0,26.0,60629
14.0,29.0,60629
16.0,13.0,60629
15.0,3.0,60629
15.0,19.0,60629
15.0,16.0,60629
16.0,1.0,60629
16.0,4.0,60629
16.0,6.0,60629
16.0,17.0,60629
16.0,18.0,60629
16.0,19.0,60629
16.0,21.0,60629
16.0,22.0,60629
16.0,11.0,60629
16.0,23.0,60629
17.0,17.0,60629
16.0,32.0,60629
16.0,35.0,60629
17.0,14.0,60629
17.0,1.0,60629
17.0,3.0,60629
17.0,6.0,60629
17.0,7.0,60629
17.0,12.0,60629
17.0,16.0,60629
17.0,8.0,60629
17.0,30.0,60629
17.0,25.0,60629
18.0,43.0,60629
18.0,47.0,60629
18.0,5.0,60629
18.0,12.0,60629
18.0,27.0,60629
18.0,33.0,60629
18.0,39.0,60629
18.0,42.0,60629
18.0,48.0,60629
18.0,49.0,60629
18.0,50.0,60629
23.0,19.0,60629
23.0,5.0,60629
23.0,20.0,60629
23.0,7.0,60629
23.0,10.0,60629
23.0,11.0,60629
23.0,13.0,60629
23.0,15.0,60629
23.0,17.0,60629
23.0,6.0,60629
23.0,8.0,60629
23.0,9.0,60629
23.0,26.0,60629
23.0,25.0,60629
23.0,30.0,60629
23.0,31.0,60629
23.0,32.0,60629
23.0,33.0,60629
23.0,39.0,60629
23.0,34.0,60629
23.0,38.0,60638
13.0,17.0,60638
13.0,1.0,60638
13.0,4.0,60638
13.0,8.0,60638
13.0,12.0,60638
13.0,13.0,60638
13.0,25.0,60638
13.0,26.0,60638
13.0,27.0,60638
13.0,36.0,60638
13.0,43.0,60638
13.0,45.0,60638
13.0,32.0,60638
13.0,48.0,60638
13.0,42.0,60638
13.0,38.0,60638
13.0,33.0,60638
13.0,31.0,60638
13.0,22.0,60638
13.0,21.0,60638
13.0,20.0,60638
13.0,18.0,60638
13.0,11.0,60638
13.0,10.0,60638
13.0,6.0,60638
13.0,2.0,60638
14.0,2.0,60638
14.0,12.0,60638
14.0,18.0,60638
14.0,22.0,60638
14.0,4.0,60638
14.0,24.0,60638
14.0,9.0,60638
14.0,1.0,60638
14.0,23.0,60638
23.0,2.0,60638
23.0,4.0,60638
23.0,1.0,60638
23.0,3.0,60638
23.0,16.0,60638
23.0,8.0,60638
23.0,12.0,60638
23.0,14.0,60638
23.0,18.0,60638
23.0,27.0,60638
23.0,29.0,60638
23.0,25.0,60638
23.0,23.0,60638
23.0,22.0,60638
23.0,21.0,60638
23.0,28.0,60638
23.0,35.0,60638
23.0,36.0,60638
23.0,37.0,60638
22.0,23.0,60638
22.0,16.0,60638
22.0,12.0,60638
22.0,8.0,60638
22.0,2.0,60638
22.0,1.0,60638
13.0,15.0,60632
12.0,2.0,60632
12.0,6.0,60632
12.0,11.0,60632
12.0,12.0,60632
12.0,13.0,60632
12.0,21.0,60632
12.0,20.0,60632
12.0,17.0,60632
13.0,7.0,60632
13.0,3.0,60632
13.0,12.0,60632
13.0,24.0,60632
14.0,2.0,60632
14.0,3.0,60632
14.0,5.0,60632
14.0,6.0,60632
14.0,12.0,60632
14.0,10.0,60632
14.0,11.0,60632
14.0,13.0,60632
14.0,14.0,60632
14.0,15.0,60632
14.0,16.0,60632
14.0,17.0,60632
14.0,19.0,60632
14.0,20.0,60632
14.0,21.0,60632
14.0,18.0,60632
14.0,25.0,60632
14.0,26.0,60632
14.0,27.0,60632
14.0,28.0,60632
14.0,29.0,60632
14.0,30.0,60632
14.0,31.0,60632
14.0,22.0,60632
14.0,8.0,60632
14.0,7.0,60632
15.0,4.0,60632
15.0,6.0,60632
15.0,8.0,60632
15.0,9.0,60632
15.0,10.0,60632
15.0,11.0,60632
15.0,12.0,60632
15.0,3.0,60632
15.0,19.0,60632
15.0,16.0,60632
16.0,1.0,60632
23.0,6.0,60632
23.0,8.0,60632
23.0,9.0,60632
23.0,24.0,60632
23.0,26.0,60632
23.0,25.0,60632
23.0,39.0,60632
22.0,10.0,60632
22.0,15.0,60632
22.0,23.0,60632
22.0,16.0,60632
22.0,12.0,60632
22.0,8.0,60632
22.0,2.0,60632
22.0,1.0,60632
12.0,2.0,60623
12.0,7.0,60623
12.0,15.0,60623
12.0,18.0,60623
12.0,22.0,60623
12.0,16.0,60623
12.0,14.0,60623
12.0,10.0,60623
24.0,13.0,60623
22.0,3.0,60623
22.0,4.0,60623
22.0,5.0,60623
22.0,6.0,60623
22.0,9.0,60623
22.0,10.0,60623
22.0,11.0,60623
22.0,13.0,60623
22.0,14.0,60623
22.0,15.0,60623
22.0,16.0,60623
22.0,17.0,60623
22.0,18.0,60623
22.0,19.0,60623
22.0,20.0,60623
22.0,21.0,60623
22.0,22.0,60623
22.0,25.0,60623
22.0,7.0,60623
22.0,24.0,60623
24.0,6.0,60623
24.0,1.0,60623
24.0,2.0,60623
24.0,3.0,60623
24.0,5.0,60623
24.0,8.0,60623
24.0,9.0,60623
24.0,10.0,60623
24.0,11.0,60623
24.0,12.0,60623
24.0,14.0,60623
24.0,15.0,60623
24.0,21.0,60623
24.0,22.0,60623
24.0,23.0,60623
24.0,24.0,60623
24.0,28.0,60623
24.0,30.0,60623
24.0,31.0,60623
24.0,33.0,60623
24.0,34.0,60623
24.0,35.0,60623
24.0,36.0,60623
24.0,38.0,60623
24.0,29.0,60623
24.0,41.0,60623
24.0,40.0,60623
24.0,39.0,60623
24.0,37.0,60623
24.0,26.0,60623
24.0,16.0,60623
24.0,7.0,60623
28.0,34.0,60623
24.0,25.0,60623
26.0,35.0,60622
26.0,3.0,60622
26.0,1.0,60622
26.0,5.0,60622
26.0,10.0,60622
26.0,12.0,60622
26.0,17.0,60622
26.0,20.0,60622
26.0,21.0,60622
26.0,32.0,60622
26.0,33.0,60622
26.0,25.0,60622
26.0,27.0,60622
26.0,36.0,60622
26.0,26.0,60622
26.0,41.0,60622
26.0,48.0,60622
26.0,39.0,60622
1.0,3.0,60622
1.0,4.0,60622
1.0,5.0,60622
1.0,8.0,60622
1.0,10.0,60622
1.0,11.0,60622
1.0,12.0,60622
1.0,14.0,60622
1.0,15.0,60622
1.0,18.0,60622
1.0,21.0,60622
1.0,27.0,60622
1.0,32.0,60622
1.0,33.0,60622
1.0,36.0,60622
1.0,38.0,60622
1.0,39.0,60622
1.0,40.0,60622
1.0,37.0,60622
1.0,35.0,60622
1.0,31.0,60622
1.0,25.0,60622
1.0,24.0,60622
2.0,1.0,60622
2.0,3.0,60622
2.0,4.0,60622
2.0,5.0,60622
2.0,7.0,60622
2.0,8.0,60622
2.0,14.0,60622
2.0,15.0,60622
2.0,16.0,60622
2.0,17.0,60622
2.0,21.0,60622
2.0,25.0,60622
27.0,5.0,60622
27.0,31.0,60622
27.0,27.0,60622
27.0,33.0,60622
27.0,43.0,60622
32.0,2.0,60622
32.0,4.0,60622
32.0,31.0,60622
32.0,33.0,60622
32.0,34.0,60622
32.0,35.0,60622
32.0,36.0,60622
32.0,37.0,60622
26.0,46.0,60622
13.0,19.0,60652
13.0,41.0,60652
18.0,15.0,60652
18.0,24.0,60652
18.0,25.0,60652
18.0,30.0,60652
18.0,40.0,60652
18.0,4.0,60652
18.0,43.0,60652
18.0,44.0,60652
18.0,11.0,60652
18.0,46.0,60652
18.0,1.0,60652
18.0,2.0,60652
18.0,3.0,60652
18.0,6.0,60652
18.0,7.0,60652
18.0,8.0,60652
18.0,9.0,60652
18.0,10.0,60652
18.0,12.0,60652
18.0,13.0,60652
18.0,14.0,60652
18.0,16.0,60652
18.0,17.0,60652
18.0,18.0,60652
18.0,21.0,60652
18.0,22.0,60652
18.0,23.0,60652
18.0,26.0,60652
18.0,28.0,60652
18.0,29.0,60652
18.0,36.0,60652
18.0,31.0,60652
18.0,33.0,60652
18.0,34.0,60652
18.0,35.0,60652
18.0,37.0,60652
18.0,41.0,60652
18.0,42.0,60652
18.0,45.0,60652
26.0,22.0,60639
26.0,4.0,60639
26.0,49.0,60639
26.0,23.0,60639
26.0,15.0,60639
26.0,13.0,60639
26.0,8.0,60639
26.0,47.0,60639
31.0,10.0,60639
31.0,2.0,60639
31.0,3.0,60639
31.0,13.0,60639
31.0,21.0,60639
31.0,24.0,60639
31.0,22.0,60639
31.0,20.0,60639
31.0,19.0,60639
31.0,17.0,60639
31.0,27.0,60639
31.0,28.0,60639
31.0,29.0,60639
31.0,18.0,60639
31.0,30.0,60639
31.0,1.0,60639
31.0,32.0,60639
31.0,38.0,60639
31.0,37.0,60639
31.0,39.0,60639
31.0,41.0,60639
31.0,40.0,60639
35.0,12.0,60639
35.0,13.0,60639
35.0,14.0,60639
35.0,16.0,60639
35.0,18.0,60639
35.0,19.0,60639
36.0,2.0,60639
36.0,5.0,60639
36.0,6.0,60639
36.0,8.0,60639
36.0,9.0,60639
36.0,11.0,60639
36.0,12.0,60639
30.0,29.0,60639
36.0,13.0,60639
36.0,4.0,60639
36.0,10.0,60639
36.0,24.0,60639
36.0,25.0,60639
36.0,23.0,60639
36.0,22.0,60639
36.0,21.0,60639
29.0,4.0,60639
30.0,30.0,60639
29.0,12.0,60639
29.0,15.0,60639
29.0,17.0,60639
29.0,24.0,60639
29.0,25.0,60639
29.0,36.0,60639
29.0,30.0,60639
29.0,43.0,60639
29.0,7.0,60639
30.0,5.0,60639
30.0,11.0,60639
30.0,13.0,60639
30.0,16.0,60639
30.0,6.0,60639
30.0,10.0,60639
30.0,12.0,60639
30.0,14.0,60639
30.0,18.0,60639
30.0,19.0,60639
37.0,2.0,60639
37.0,6.0,60639
37.0,10.0,60639
37.0,16.0,60639
37.0,21.0,60639
37.0,22.0,60639
37.0,24.0,60639
37.0,26.0,60639
37.0,31.0,60639
37.0,32.0,60639
37.0,41.0,60639
26.0,38.0,60639
28.0,4.0,60612
26.0,3.0,60612
26.0,17.0,60612
26.0,21.0,60612
26.0,32.0,60612
26.0,33.0,60612
26.0,36.0,60612
26.0,28.0,60612
28.0,5.0,60612
28.0,6.0,60612
28.0,11.0,60612
28.0,19.0,60612
28.0,27.0,60612
28.0,20.0,60612
28.0,2.0,60612
28.0,3.0,60612
1.0,12.0,60612
1.0,32.0,60612
1.0,39.0,60612
2.0,17.0,60612
24.0,14.0,60612
24.0,27.0,60612
24.0,40.0,60612
27.0,5.0,60612
27.0,44.0,60612
27.0,31.0,60612
27.0,26.0,60612
27.0,36.0,60612
27.0,14.0,60612
27.0,27.0,60612
27.0,33.0,60612
27.0,4.0,60612
27.0,39.0,60612
27.0,30.0,60612
27.0,17.0,60612
27.0,43.0,60612
27.0,32.0,60612
27.0,25.0,60612
27.0,18.0,60612
27.0,41.0,60612
27.0,10.0,60612
27.0,49.0,60612
27.0,50.0,60612
28.0,35.0,60612
28.0,45.0,60612
28.0,32.0,60612
28.0,30.0,60612
28.0,36.0,60612
28.0,34.0,60612
28.0,29.0,60612
28.0,18.0,60612
28.0,46.0,60612
26.0,46.0,60612
26.0,4.0,60651
26.0,2.0,60651
26.0,5.0,60651
26.0,6.0,60651
26.0,9.0,60651
26.0,10.0,60651
26.0,12.0,60651
26.0,18.0,60651
26.0,27.0,60651
26.0,31.0,60651
26.0,19.0,60651
26.0,16.0,60651
26.0,15.0,60651
26.0,47.0,60651
26.0,44.0,60651
26.0,45.0,60651
26.0,43.0,60651
26.0,41.0,60651
28.0,23.0,60651
27.0,24.0,60651
27.0,19.0,60651
27.0,22.0,60651
27.0,3.0,60651
27.0,5.0,60651
27.0,15.0,60651
27.0,34.0,60651
27.0,44.0,60651
27.0,29.0,60651
28.0,38.0,60651
29.0,5.0,60651
29.0,4.0,60651
29.0,13.0,60651
29.0,15.0,60651
29.0,17.0,60651
29.0,24.0,60651
29.0,25.0,60651
29.0,35.0,60651
29.0,37.0,60651
29.0,40.0,60651
29.0,41.0,60651
29.0,44.0,60651
29.0,27.0,60651
37.0,5.0,60651
37.0,2.0,60651
37.0,3.0,60651
37.0,4.0,60651
37.0,6.0,60651
37.0,7.0,60651
37.0,8.0,60651
37.0,9.0,60651
37.0,12.0,60651
37.0,13.0,60651
37.0,14.0,60651
37.0,15.0,60651
37.0,17.0,60651
37.0,18.0,60651
37.0,19.0,60651
37.0,20.0,60651
37.0,21.0,60651
37.0,22.0,60651
37.0,23.0,60651
37.0,24.0,60651
37.0,25.0,60651
37.0,27.0,60651
37.0,28.0,60651
37.0,29.0,60651
37.0,31.0,60651
37.0,32.0,60651
37.0,33.0,60651
37.0,34.0,60651
37.0,35.0,60651
37.0,36.0,60651
37.0,37.0,60651
37.0,38.0,60651
37.0,40.0,60651
37.0,41.0,60651
19.0,13.0,60643
19.0,2.0,60643
19.0,5.0,60643
19.0,7.0,60643
19.0,10.0,60643
19.0,14.0,60643
19.0,18.0,60643
19.0,19.0,60643
19.0,22.0,60643
19.0,23.0,60643
19.0,25.0,60643
19.0,26.0,60643
19.0,27.0,60643
19.0,28.0,60643
19.0,31.0,60643
19.0,34.0,60643
19.0,35.0,60643
19.0,36.0,60643
19.0,37.0,60643
19.0,38.0,60643
19.0,40.0,60643
19.0,42.0,60643
19.0,43.0,60643
19.0,47.0,60643
19.0,48.0,60643
19.0,49.0,60643
19.0,53.0,60643
19.0,57.0,60643
19.0,51.0,60643
19.0,50.0,60643
19.0,20.0,60643
21.0,1.0,60643
21.0,5.0,60643
21.0,18.0,60643
21.0,21.0,60643
21.0,49.0,60643
21.0,37.0,60643
21.0,41.0,60643
34.0,17.0,60643
34.0,46.0,60643
34.0,49.0,60643
34.0,52.0,60643
34.0,1.0,60643
34.0,2.0,60643
34.0,5.0,60643
34.0,7.0,60643
34.0,8.0,60643
34.0,10.0,60643
34.0,12.0,60643
34.0,13.0,60643
34.0,19.0,60643
34.0,20.0,60643
34.0,21.0,60643
34.0,25.0,60643
34.0,47.0,60643
34.0,29.0,60643
34.0,48.0,60643
34.0,31.0,60643
34.0,32.0,60643
34.0,33.0,60643
34.0,34.0,60643
34.0,35.0,60643
34.0,40.0,60643
34.0,42.0,60643
34.0,43.0,60643
34.0,44.0,60643
34.0,51.0,60643
34.0,45.0,60643
34.0,15.0,60643
19.0,1.0,60655
19.0,3.0,60655
19.0,4.0,60655
19.0,6.0,60655
19.0,7.0,60655
19.0,9.0,60655
19.0,11.0,60655
19.0,12.0,60655
19.0,14.0,60655
19.0,15.0,60655
19.0,16.0,60655
19.0,17.0,60655
19.0,21.0,60655
19.0,22.0,60655
19.0,23.0,60655
19.0,24.0,60655
19.0,29.0,60655
19.0,30.0,60655
19.0,31.0,60655
19.0,32.0,60655
19.0,33.0,60655
19.0,34.0,60655
19.0,35.0,60655
19.0,39.0,60655
19.0,40.0,60655
19.0,41.0,60655
19.0,44.0,60655
19.0,45.0,60655
19.0,46.0,60655
19.0,47.0,60655
19.0,52.0,60655
19.0,53.0,60655
19.0,54.0,60655
19.0,55.0,60655
19.0,8.0,60655
19.0,51.0,60655
19.0,50.0,60655
19.0,20.0,60655
26.0,49.0,60647
26.0,42.0,60647
26.0,6.0,60647
26.0,11.0,60647
26.0,12.0,60647
26.0,14.0,60647
26.0,18.0,60647
26.0,24.0,60647
26.0,25.0,60647
26.0,27.0,60647
26.0,29.0,60647
26.0,34.0,60647
26.0,31.0,60647
26.0,30.0,60647
26.0,23.0,60647
26.0,16.0,60647
26.0,15.0,60647
26.0,8.0,60647
26.0,7.0,60647
26.0,47.0,60647
26.0,43.0,60647
26.0,37.0,60647
26.0,40.0,60647
1.0,2.0,60647
1.0,7.0,60647
1.0,8.0,60647
1.0,9.0,60647
1.0,13.0,60647
1.0,16.0,60647
1.0,17.0,60647
1.0,20.0,60647
1.0,22.0,60647
1.0,27.0,60647
1.0,28.0,60647
1.0,44.0,60647
1.0,29.0,60647
1.0,30.0,60647
1.0,34.0,60647
1.0,38.0,60647
1.0,31.0,60647
1.0,26.0,60647
1.0,25.0,60647
1.0,23.0,60647
1.0,19.0,60647
1.0,1.0,60647
1.0,41.0,60647
1.0,42.0,60647
1.0,43.0,60647
2.0,15.0,60647
2.0,25.0,60647
31.0,16.0,60647
31.0,7.0,60647
31.0,4.0,60647
31.0,39.0,60647
32.0,5.0,60647
31.0,40.0,60647
32.0,1.0,60647
32.0,2.0,60647
32.0,3.0,60647
32.0,6.0,60647
32.0,9.0,60647
32.0,11.0,60647
32.0,12.0,60647
32.0,4.0,60647
32.0,16.0,60647
32.0,24.0,60647
32.0,29.0,60647
32.0,31.0,60647
32.0,34.0,60647
32.0,36.0,60647
32.0,37.0,60647
32.0,32.0,60647
32.0,28.0,60647
32.0,26.0,60647
32.0,22.0,60647
32.0,20.0,60647
32.0,17.0,60647
32.0,14.0,60647
32.0,43.0,60647
33.0,5.0,60647
33.0,19.0,60647
33.0,28.0,60647
33.0,26.0,60647
33.0,14.0,60647
35.0,3.0,60647
35.0,2.0,60647
35.0,7.0,60647
35.0,8.0,60647
35.0,10.0,60647
35.0,13.0,60647
35.0,14.0,60647
35.0,5.0,60647
35.0,11.0,60647
35.0,15.0,60647
35.0,17.0,60647
35.0,25.0,60647
35.0,28.0,60647
35.0,21.0,60647
30.0,18.0,60647
30.0,24.0,60647
26.0,38.0,60647
28.0,9.0,60624
28.0,16.0,60624
28.0,17.0,60624
28.0,20.0,60624
28.0,2.0,60624
28.0,3.0,60624
28.0,21.0,60624
28.0,22.0,60624
28.0,23.0,60624
28.0,24.0,60624
24.0,4.0,60624
24.0,5.0,60624
24.0,14.0,60624
24.0,17.0,60624
24.0,19.0,60624
24.0,20.0,60624
24.0,21.0,60624
24.0,22.0,60624
24.0,32.0,60624
24.0,27.0,60624
24.0,28.0,60624
24.0,30.0,60624
24.0,35.0,60624
24.0,41.0,60624
24.0,40.0,60624
24.0,26.0,60624
24.0,18.0,60624
27.0,19.0,60624
27.0,22.0,60624
27.0,3.0,60624
27.0,5.0,60624
27.0,15.0,60624
27.0,34.0,60624
27.0,23.0,60624
27.0,8.0,60624
27.0,44.0,60624
27.0,31.0,60624
27.0,26.0,60624
28.0,25.0,60624
28.0,32.0,60624
28.0,33.0,60624
28.0,36.0,60624
28.0,37.0,60624
28.0,40.0,60624
28.0,44.0,60624
28.0,26.0,60624
28.0,38.0,60624
28.0,13.0,60624
28.0,7.0,60624
28.0,15.0,60624
37.0,3.0,60624
37.0,7.0,60624
37.0,8.0,60624
37.0,13.0,60624
37.0,21.0,60624
37.0,28.0,60624
24.0,25.0,60624
28.0,14.0,60644
28.0,1.0,60644
28.0,12.0,60644
28.0,21.0,60644
24.0,41.0,60644
28.0,33.0,60644
28.0,40.0,60644
28.0,42.0,60644
28.0,44.0,60644
28.0,43.0,60644
28.0,41.0,60644
28.0,39.0,60644
28.0,38.0,60644
28.0,31.0,60644
29.0,2.0,60644
29.0,5.0,60644
29.0,11.0,60644
29.0,6.0,60644
29.0,8.0,60644
29.0,3.0,60644
29.0,14.0,60644
29.0,16.0,60644
29.0,18.0,60644
29.0,19.0,60644
29.0,20.0,60644
29.0,21.0,60644
29.0,22.0,60644
29.0,28.0,60644
29.0,33.0,60644
29.0,34.0,60644
29.0,35.0,60644
29.0,37.0,60644
29.0,42.0,60644
29.0,44.0,60644
29.0,26.0,60644
37.0,11.0,60644
37.0,39.0,60644
37.0,1.0,60644
37.0,9.0,60644
37.0,17.0,60644
37.0,18.0,60644
37.0,21.0,60644
37.0,25.0,60644
37.0,27.0,60644
37.0,30.0,60644
37.0,34.0,60644
37.0,36.0,60644
37.0,37.0,60644
1.0,6.0,60642
1.0,3.0,60642
1.0,10.0,60642
1.0,21.0,60642
1.0,33.0,60642
1.0,36.0,60642
1.0,40.0,60642
1.0,37.0,60642
1.0,35.0,60642
2.0,1.0,60642
2.0,5.0,60642
2.0,6.0,60642
2.0,8.0,60642
2.0,12.0,60642
2.0,20.0,60642
27.0,33.0,60642
27.0,45.0,60642
27.0,16.0,60642
27.0,11.0,60642
27.0,6.0,60642
27.0,40.0,60642
27.0,13.0,60642
27.0,37.0,60642
27.0,35.0,60642
27.0,21.0,60642
27.0,7.0,60642
27.0,1.0,60642
32.0,33.0,60642
32.0,35.0,60642
32.0,37.0,60642
43.0,5.0,60642
1.0,28.0,60618
31.0,10.0,60618
31.0,7.0,60618
31.0,23.0,60618
31.0,40.0,60618
32.0,1.0,60618
32.0,9.0,60618
32.0,15.0,60618
32.0,19.0,60618
32.0,21.0,60618
32.0,24.0,60618
32.0,25.0,60618
33.0,22.0,60618
32.0,41.0,60618
32.0,42.0,60618
32.0,38.0,60618
32.0,28.0,60618
32.0,26.0,60618
32.0,17.0,60618
32.0,43.0,60618
33.0,5.0,60618
33.0,9.0,60618
33.0,16.0,60618
33.0,19.0,60618
33.0,4.0,60618
33.0,6.0,60618
33.0,8.0,60618
33.0,10.0,60618
33.0,11.0,60618
33.0,12.0,60618
33.0,13.0,60618
33.0,23.0,60618
33.0,15.0,60618
33.0,17.0,60618
33.0,20.0,60618
33.0,21.0,60618
33.0,24.0,60618
33.0,25.0,60618
33.0,28.0,60618
33.0,26.0,60618
33.0,14.0,60618
35.0,20.0,60618
35.0,22.0,60618
35.0,23.0,60618
35.0,27.0,60618
35.0,1.0,60618
35.0,4.0,60618
35.0,5.0,60618
35.0,6.0,60618
35.0,11.0,60618
35.0,15.0,60618
35.0,17.0,60618
35.0,24.0,60618
35.0,26.0,60618
35.0,31.0,60618
35.0,9.0,60618
39.0,25.0,60618
39.0,28.0,60618
39.0,34.0,60618
30.0,3.0,60618
30.0,8.0,60618
30.0,15.0,60618
30.0,18.0,60618
30.0,28.0,60618
30.0,25.0,60618
30.0,24.0,60618
30.0,23.0,60618
30.0,22.0,60618
30.0,32.0,60618
45.0,4.0,60618
45.0,1.0,60618
45.0,3.0,60618
47.0,2.0,60618
45.0,2.0,60618
47.0,3.0,60618
47.0,4.0,60618
47.0,7.0,60618
47.0,8.0,60618
47.0,10.0,60618
47.0,12.0,60618
47.0,14.0,60618
47.0,16.0,60618
47.0,17.0,60618
47.0,21.0,60618
47.0,27.0,60618
47.0,28.0,60618
47.0,29.0,60618
47.0,35.0,60618
47.0,37.0,60618
47.0,40.0,60618
47.0,45.0,60618
47.0,47.0,60618
47.0,48.0,60618
47.0,46.0,60618
31.0,10.0,60641
31.0,6.0,60641
31.0,9.0,60641
31.0,8.0,60641
31.0,2.0,60641
31.0,3.0,60641
31.0,5.0,60641
31.0,13.0,60641
31.0,15.0,60641
31.0,24.0,60641
31.0,25.0,60641
31.0,34.0,60641
31.0,26.0,60641
31.0,23.0,60641
31.0,20.0,60641
31.0,19.0,60641
31.0,17.0,60641
31.0,14.0,60641
31.0,12.0,60641
31.0,11.0,60641
31.0,27.0,60641
31.0,29.0,60641
31.0,35.0,60641
31.0,30.0,60641
31.0,31.0,60641
31.0,33.0,60641
31.0,36.0,60641
31.0,40.0,60641
36.0,20.0,60641
36.0,16.0,60641
36.0,14.0,60641
39.0,3.0,60641
39.0,19.0,60641
39.0,25.0,60641
39.0,28.0,60641
39.0,31.0,60641
39.0,34.0,60641
39.0,17.0,60641
30.0,1.0,60641
30.0,7.0,60641
30.0,8.0,60641
30.0,9.0,60641
30.0,14.0,60641
30.0,15.0,60641
30.0,18.0,60641
30.0,28.0,60641
30.0,27.0,60641
30.0,26.0,60641
30.0,25.0,60641
30.0,23.0,60641
30.0,20.0,60641
30.0,17.0,60641
30.0,4.0,60641
30.0,31.0,60641
38.0,1.0,60641
38.0,11.0,60641
38.0,34.0,60641
38.0,35.0,60641
38.0,40.0,60641
38.0,41.0,60641
38.0,31.0,60641
38.0,32.0,60641
45.0,4.0,60641
45.0,8.0,60641
45.0,7.0,60641
45.0,6.0,60641
45.0,5.0,60641
45.0,3.0,60641
45.0,9.0,60641
45.0,12.0,60641
45.0,10.0,60641
45.0,11.0,60641
45.0,14.0,60641
45.0,13.0,60641
31.0,3.0,60634
31.0,15.0,60634
30.0,29.0,60634
36.0,1.0,60634
36.0,18.0,60634
36.0,7.0,60634
36.0,10.0,60634
36.0,19.0,60634
36.0,26.0,60634
36.0,28.0,60634
36.0,24.0,60634
36.0,30.0,60634
36.0,29.0,60634
36.0,20.0,60634
36.0,17.0,60634
36.0,16.0,60634
36.0,15.0,60634
36.0,14.0,60634
30.0,30.0,60634
29.0,30.0,60634
29.0,31.0,60634
29.0,32.0,60634
29.0,38.0,60634
29.0,39.0,60634
29.0,29.0,60634
30.0,5.0,60634
30.0,13.0,60634
30.0,16.0,60634
30.0,2.0,60634
30.0,10.0,60634
30.0,12.0,60634
30.0,21.0,60634
30.0,17.0,60634
38.0,2.0,60634
38.0,4.0,60634
38.0,5.0,60634
38.0,6.0,60634
38.0,7.0,60634
38.0,9.0,60634
38.0,10.0,60634
38.0,13.0,60634
38.0,16.0,60634
38.0,17.0,60634
38.0,20.0,60634
38.0,24.0,60634
38.0,27.0,60634
38.0,28.0,60634
38.0,29.0,60634
38.0,30.0,60634
38.0,3.0,60634
38.0,8.0,60634
38.0,11.0,60634
38.0,14.0,60634
38.0,15.0,60634
38.0,18.0,60634
38.0,19.0,60634
38.0,33.0,60634
38.0,21.0,60634
38.0,22.0,60634
38.0,23.0,60634
38.0,26.0,60634
38.0,34.0,60634
38.0,38.0,60634
38.0,40.0,60634
38.0,41.0,60634
38.0,31.0,60634
38.0,39.0,60634
38.0,37.0,60634
38.0,36.0,60634
34.0,6.0,60643
34.0,26.0,60643
36.0,2.0,60707
30.0,29.0,60707
36.0,1.0,60707
36.0,3.0,60707
36.0,4.0,60707
36.0,10.0,60707
36.0,19.0,60707
36.0,27.0,60707
29.0,12.0,60707
29.0,15.0,60707
29.0,23.0,60707
29.0,30.0,60707
29.0,1.0,60707
29.0,38.0,60707
29.0,39.0,60707
29.0,43.0,60707
29.0,7.0,60707
29.0,10.0,60707
29.0,9.0,60707
30.0,11.0,60707
39.0,20.0,60631
39.0,21.0,60631
41.0,4.0,60631
41.0,1.0,60631
41.0,2.0,60631
41.0,5.0,60631
41.0,7.0,60631
41.0,8.0,60631
41.0,11.0,60631
41.0,15.0,60631
41.0,16.0,60631
41.0,40.0,60631
41.0,17.0,60631
41.0,18.0,60631
41.0,20.0,60631
41.0,21.0,60631
41.0,22.0,60631
41.0,27.0,60631
41.0,28.0,60631
41.0,29.0,60631
41.0,31.0,60631
41.0,34.0,60631
41.0,35.0,60631
41.0,37.0,60631
41.0,41.0,60631
41.0,42.0,60631
41.0,43.0,60631
41.0,44.0,60631
41.0,45.0,60631
41.0,46.0,60631
41.0,23.0,60631
41.0,32.0,60631
41.0,26.0,60631
41.0,13.0,60631
41.0,10.0,60631
45.0,40.0,60631
45.0,43.0,60631
45.0,44.0,60631
29.0,31.0,60707
29.0,32.0,60707
29.0,29.0,60707
38.0,2.0,60656
38.0,12.0,60656
38.0,20.0,60656
41.0,3.0,60656
41.0,12.0,60656
41.0,24.0,60656
41.0,30.0,60656
41.0,25.0,60656
41.0,27.0,60656
41.0,28.0,60656
41.0,29.0,60656
41.0,33.0,60656
41.0,34.0,60656
41.0,36.0,60656
41.0,43.0,60656
41.0,45.0,60656
41.0,46.0,60656
41.0,23.0,60656
41.0,38.0,60656
41.0,26.0,60656
41.0,13.0,60656
45.0,45.0,60656
45.0,48.0,60656
45.0,27.0,60656
45.0,26.0,60656
45.0,40.0,60656
45.0,47.0,60656
45.0,46.0,60656
41.0,27.0,60666
